Protein,Disease
1,84
2,84
4,84
5,84
6,84
7,84
8,84
9,84
11,84
12,84
14,84
15,84
16,84
18,84
19,84
20,84
22,84
26,84
27,84
28,84
29,84
30,84
32,84
33,84
35,84
36,84
38,84
40,84
41,84
43,84
44,84
46,84
47,84
48,84
49,84
50,84
51,84
52,84
53,84
54,84
55,84
56,84
58,84
59,84
60,84
61,84
62,84
63,84
65,84
70,84
74,84
75,84
77,84
78,84
79,84
80,84
81,84
82,84
84,84
86,84
89,84
94,84
95,84
96,84
97,84
99,84
101,84
104,84
106,84
107,84
108,84
109,84
110,84
111,84
112,84
113,84
114,84
115,84
116,84
117,84
118,84
119,84
120,84
122,84
123,84
124,84
125,84
126,84
127,84
129,84
131,84
132,84
133,84
134,84
136,84
137,84
138,84
139,84
141,84
142,84
143,84
144,84
145,84
146,84
147,84
148,84
149,84
150,84
151,84
152,84
153,84
154,84
155,84
156,84
157,84
158,84
159,84
161,84
162,84
163,84
164,84
165,84
166,84
168,84
170,84
171,84
173,84
175,84
176,84
177,84
179,84
181,84
183,84
184,84
187,84
188,84
189,84
191,84
192,84
193,84
194,84
196,84
197,84
198,84
199,84
200,84
204,84
205,84
206,84
207,84
208,84
210,84
213,84
214,84
216,84
217,84
218,84
219,84
220,84
221,84
222,84
224,84
225,84
226,84
227,84
228,84
229,84
233,84
237,84
239,84
240,84
243,84
245,84
249,84
251,84
252,84
254,84
259,84
260,84
267,84
268,84
269,84
270,84
272,84
273,84
274,84
276,84
277,84
278,84
279,84
280,84
281,84
282,84
284,84
287,84
288,84
292,84
293,84
294,84
295,84
296,84
297,84
299,84
301,84
302,84
305,84
306,84
307,84
308,84
310,84
311,84
312,84
313,84
314,84
316,84
318,84
319,84
320,84
321,84
322,84
323,84
324,84
325,84
326,84
328,84
329,84
330,84
331,84
333,84
334,84
335,84
337,84
338,84
340,84
341,84
342,84
343,84
345,84
346,84
347,84
348,84
349,84
352,84
353,84
354,84
355,84
356,84
358,84
360,84
361,84
365,84
367,84
368,84
369,84
370,84
371,84
373,84
375,84
376,84
377,84
378,84
379,84
380,84
382,84
383,84
384,84
386,84
388,84
389,84
391,84
394,84
395,84
396,84
397,84
399,84
400,84
401,84
402,84
404,84
405,84
406,84
407,84
408,84
410,84
411,84
412,84
413,84
414,84
415,84
416,84
417,84
420,84
421,84
423,84
424,84
425,84
426,84
427,84
430,84
431,84
432,84
434,84
438,84
439,84
440,84
441,84
445,84
446,84
447,84
449,84
452,84
453,84
454,84
455,84
456,84
457,84
459,84
460,84
461,84
462,84
463,84
464,84
465,84
466,84
467,84
468,84
469,84
470,84
472,84
473,84
475,84
476,84
477,84
478,84
479,84
480,84
481,84
482,84
482,186
484,84
485,84
486,84
488,84
489,84
490,84
491,84
492,84
493,84
494,84
496,84
497,84
498,84
499,84
500,84
501,84
502,84
503,84
506,84
508,84
509,84
510,84
511,84
513,84
514,84
515,84
516,84
517,84
520,84
522,84
523,84
525,84
526,84
527,84
528,84
530,84
532,84
535,84
537,84
538,84
539,84
541,84
543,84
544,84
545,84
548,84
549,84
550,84
551,84
552,84
553,84
554,84
555,84
556,84
557,84
558,84
560,84
561,84
562,84
564,84
565,84
566,84
567,84
568,84
569,84
570,84
571,84
572,84
573,84
576,84
577,84
579,84
581,84
582,84
583,84
584,84
586,84
587,84
588,84
589,84
590,84
591,84
592,84
593,84
594,84
595,84
598,84
600,84
601,84
602,84
604,84
605,84
606,84
607,84
608,84
609,84
610,84
611,84
613,84
614,84
615,84
616,84
618,84
620,84
622,84
623,84
624,84
626,84
627,84
628,84
629,84
630,84
631,84
632,84
633,84
634,84
635,84
637,84
638,84
639,84
640,84
641,84
642,84
643,84
644,84
648,84
650,84
653,84
654,84
656,84
657,84
658,84
659,84
660,84
661,84
662,84
663,84
664,84
665,84
667,84
669,84
670,84
671,84
675,84
677,84
678,84
679,84
680,84
681,84
682,84
684,84
685,84
686,84
687,84
689,84
690,84
691,84
692,84
693,84
694,84
696,84
697,84
699,84
700,84
701,84
702,84
703,84
704,84
705,84
706,84
708,84
709,84
710,84
712,84
713,84
715,84
716,84
717,84
718,84
720,84
721,84
724,84
726,84
728,84
732,84
733,84
734,84
735,84
736,84
737,84
739,84
741,84
743,84
744,84
745,84
746,84
747,84
748,84
749,84
751,84
752,84
753,84
754,84
755,84
756,84
757,84
759,84
760,84
761,84
763,84
764,84
765,84
766,84
767,84
770,84
771,84
772,84
774,84
775,84
776,84
777,84
778,84
779,84
780,84
783,84
784,84
787,84
788,84
789,84
790,84
796,84
798,84
800,84
802,84
804,84
805,84
806,84
812,84
813,84
814,84
817,84
818,84
822,84
824,84
827,84
828,84
829,84
830,84
831,84
832,84
833,84
835,84
836,84
837,84
838,84
840,84
841,84
842,84
843,84
846,84
849,84
850,84
851,84
852,84
854,84
855,84
856,84
859,84
860,84
863,84
866,84
868,84
869,84
870,84
871,84
872,84
874,84
875,84
876,84
877,84
878,84
879,84
881,84
882,84
883,84
884,84
885,84
886,84
887,84
888,84
889,84
890,84
894,84
895,84
896,84
897,84
899,84
900,84
901,84
903,84
904,84
905,84
906,84
908,84
909,84
910,84
911,84
912,84
913,84
914,84
915,84
916,84
918,84
919,84
920,84
921,84
922,84
923,84
924,84
925,84
926,84
927,84
928,84
929,84
933,84
934,84
936,84
937,84
938,84
940,84
941,84
943,84
944,84
945,84
946,84
947,84
948,84
949,84
951,84
952,84
953,84
954,84
955,84
956,84
958,84
959,84
960,84
961,84
962,84
963,84
964,84
967,84
968,84
969,84
970,84
971,84
972,84
973,84
974,84
975,84
976,84
977,84
978,84
979,84
980,84
981,84
983,84
984,84
985,84
986,84
987,84
991,84
992,84
993,84
994,84
996,84
997,84
999,84
1001,84
1002,84
1005,84
1006,84
1007,84
1008,84
1009,84
1010,84
1011,84
1012,84
1013,84
1014,84
1015,84
1016,84
1017,84
1018,84
1019,84
1020,84
1021,84
1023,84
1024,84
1025,84
1026,84
1027,84
1028,84
1030,84
1031,84
1032,84
1033,84
1035,84
1038,84
1039,84
1041,84
1042,84
1044,84
1045,84
1046,84
1047,84
1049,84
1050,84
1051,84
1052,84
1053,84
1054,84
1056,84
1057,84
1059,84
1060,84
1061,84
1062,84
1064,84
1065,84
1066,84
1067,84
1068,84
1069,84
1070,84
1072,84
1073,84
1074,84
1076,84
1077,84
1079,84
1080,84
1081,84
1082,84
1083,84
1087,84
1090,84
1092,84
1093,84
1094,84
1095,84
1096,84
1097,84
1098,84
1099,84
1100,84
1101,84
1103,84
1104,84
1105,84
1107,84
1108,84
1110,84
1111,84
1112,84
1113,84
1115,84
1116,84
1117,84
1120,84
1122,84
1123,84
1128,84
1129,84
1130,84
1131,84
1132,84
1133,84
1134,84
1135,84
1136,84
1137,84
1138,84
1139,84
1140,84
1141,84
1142,84
1143,84
1144,84
1145,84
1146,84
1147,84
1148,84
1149,84
1150,84
1151,84
1152,84
1153,84
1155,84
1156,84
1157,84
1158,84
1159,84
1160,84
1161,84
1162,84
1163,84
1165,84
1166,84
1168,84
1169,84
1170,84
1172,84
1173,84
1174,84
1175,84
1176,84
1178,84
1183,84
1186,84
1187,84
1188,84
1189,84
1190,84
1191,84
1192,84
1193,84
1194,84
1195,84
1196,84
1198,84
1200,84
1201,84
1203,84
1204,84
1205,84
1208,84
1210,84
1211,84
1212,84
1214,84
1215,84
1216,84
1217,84
1219,84
1221,84
1222,84
1223,84
1227,84
1228,84
1229,84
1231,84
1232,84
1234,84
1235,84
1237,84
1238,84
1240,84
1243,84
1245,84
1246,84
1247,84
1248,84
1250,84
1251,84
1253,84
1256,84
1258,84
1259,84
1260,84
1262,84
1264,84
1268,84
1269,84
1271,84
1272,84
1274,84
1275,84
1277,84
1278,84
1279,84
1280,84
1281,84
1282,84
1283,84
1285,84
1286,84
1287,84
1288,84
1289,84
1290,84
1292,84
1293,84
1294,84
1296,84
1297,84
1298,84
1299,84
1300,84
1301,84
1303,84
1305,84
1306,84
1309,84
1310,84
1311,84
1312,84
1313,84
1315,84
1316,84
1317,84
1318,84
1319,84
1321,84
1322,84
1323,84
1324,84
1326,84
1328,84
1330,84
1331,84
1332,84
1333,84
1334,84
1338,84
1340,84
1343,84
1345,84
1345,168
1347,84
1348,84
1350,84
1351,84
1354,84
1356,84
1359,84
1360,84
1362,84
1363,84
1364,84
1365,84
1366,84
1367,84
1369,84
1370,84
1371,84
1373,84
1374,84
1375,84
1376,84
1377,84
1378,84
1379,84
1381,84
1382,84
1384,84
1385,84
1386,84
1387,84
1390,84
1391,84
1392,84
1395,84
1397,84
1399,84
1400,84
1402,84
1403,84
1404,84
1405,84
1406,84
1408,84
1409,84
1410,84
1411,84
1412,84
1413,84
1414,84
1415,84
1416,84
1417,84
1418,84
1419,84
1420,84
1421,84
1422,84
1423,84
1425,84
1426,84
1427,84
1428,84
1429,84
1430,84
1432,84
1433,84
1434,84
1435,84
1436,84
1437,84
1438,84
1439,84
1441,84
1443,84
1444,84
1445,84
1446,84
1448,84
1449,84
1450,84
1451,84
1452,84
1453,84
1454,84
1455,84
1456,84
1458,84
1459,84
1460,84
1461,84
1462,84
1463,84
1464,84
1465,84
1466,84
1467,84
1471,84
1472,84
1473,84
1474,84
1475,84
1476,84
1477,84
1478,84
1479,84
1480,84
1481,84
1482,84
1483,84
1484,84
1485,84
1486,84
1487,84
1488,84
1490,84
1491,84
1493,84
1495,84
1496,84
1498,84
1499,84
1501,84
1502,84
1503,84
1504,84
1505,84
1506,84
1507,84
1508,84
1509,84
1510,84
1511,84
1514,84
1515,84
1516,84
1517,84
1518,84
1519,84
1522,84
1523,84
1524,84
1525,84
1528,84
1529,84
1532,84
1533,84
1534,84
1535,84
1536,84
1538,84
1539,84
1540,84
1544,84
1545,84
1546,84
1549,84
1550,84
1551,84
1552,84
1553,84
1554,84
1556,84
1556,119
1557,84
1559,84
1560,84
1562,84
1563,84
1565,84
1566,84
1567,84
1569,84
1570,84
1572,84
1574,84
1575,84
1576,84
1577,84
1578,84
1579,84
1580,84
1581,84
1582,84
1583,84
1584,84
1585,84
1586,84
1588,84
1590,84
1591,84
1594,84
1595,84
1597,84
1600,84
1601,84
1602,84
1603,84
1604,84
1605,84
1606,84
1607,84
1608,84
1609,84
1610,84
1611,84
1612,84
1613,84
1614,84
1615,84
1616,84
1617,84
1618,84
1619,84
1620,84
1622,84
1623,84
1624,84
1625,84
1626,84
1627,84
1628,84
1629,84
1630,84
1631,84
1632,84
1633,84
1634,84
1635,84
1637,84
1639,84
1641,84
1642,84
1643,84
1644,84
1645,84
1646,84
1647,84
1648,84
1649,84
1650,84
1651,84
1652,84
1654,84
1655,84
1657,84
1658,84
1659,84
1660,84
1661,84
1662,84
1663,84
1664,84
1665,84
1666,84
1667,84
1668,84
1670,84
1671,84
1672,84
1673,84
1674,84
1675,84
1676,84
1677,84
1678,84
1679,84
1679,194
1680,84
1681,84
1682,84
1683,84
1684,84
1686,84
1687,84
1688,84
1690,84
1691,84
1692,84
1693,84
1694,84
1695,84
1696,84
1697,84
1698,84
1704,84
1705,84
1706,84
1707,84
1709,84
1710,84
1712,84
1713,84
1714,84
1716,84
1717,84
1718,84
1719,84
1720,84
1721,84
1723,84
1725,84
1726,84
1727,84
1728,84
1732,84
1735,84
1736,84
1738,84
1739,84
1740,84
1742,84
1743,84
1744,84
1745,84
1748,84
1749,84
1750,84
1751,84
1752,84
1753,84
1754,84
1757,84
1759,84
1760,84
1761,84
1762,84
1764,84
1766,84
1767,84
1768,84
1769,84
1770,84
1771,84
1771,237
1772,84
1773,84
1775,84
1776,84
1777,84
1778,84
1780,84
1781,84
1782,84
1783,84
1784,84
1785,84
1786,84
1787,84
1788,84
1790,84
1791,84
1793,84
1794,84
1795,84
1798,84
1799,84
1800,84
1801,84
1802,84
1803,84
1804,84
1806,84
1807,84
1810,84
1813,84
1815,84
1816,84
1817,84
1818,84
1820,84
1821,84
1826,84
1827,84
1828,84
1829,84
1830,84
1831,84
1832,84
1834,84
1835,84
1836,84
1837,84
1838,84
1839,84
1840,84
1841,84
1843,84
1844,84
1845,84
1846,84
1847,84
1848,84
1849,84
1850,84
1853,84
1854,84
1855,84
1856,84
1857,84
1858,84
1861,84
1863,84
1864,84
1865,84
1866,84
1867,84
1868,84
1869,84
1870,84
1871,84
1872,84
1873,84
1874,84
1875,84
1876,84
1877,84
1879,84
1880,84
1881,84
1882,84
1884,84
1885,84
1886,84
1887,84
1888,84
1889,84
1893,84
1894,84
1895,84
1896,84
1897,84
1899,84
1900,84
1903,84
1904,84
1905,84
1906,84
1910,84
1911,84
1913,84
1914,84
1916,84
1919,84
1920,84
1922,84
1923,84
1924,84
1925,84
1927,84
1928,84
1929,84
1930,84
1931,84
1932,84
1934,84
1937,84
1938,84
1939,84
1940,84
1942,84
1943,84
1944,84
1947,84
1949,84
1950,84
1952,84
1953,84
1954,84
1956,84
1957,84
1958,84
1959,84
1961,84
1962,84
1963,84
1964,84
1965,84
1966,84
1967,84
1968,84
1969,84
1970,84
1971,84
1972,84
1973,84
1974,84
1975,84
1976,84
1977,84
1979,84
1980,84
1981,84
1984,84
1985,84
1986,84
1988,84
1989,84
1990,84
1993,84
1994,84
1995,84
1996,84
1997,84
1998,84
2002,84
2003,84
2005,84
2006,84
2007,84
2008,84
2009,84
2010,84
2011,84
2012,84
2014,84
2015,84
2016,84
2017,84
2018,84
2019,84
2020,84
2021,84
2022,84
2023,84
2024,84
2025,84
2026,84
2027,84
2028,84
2029,84
2030,84
2031,84
2032,84
2033,84
2034,84
2036,84
2037,84
2038,84
2039,84
2040,84
2041,84
2042,84
2043,84
2045,84
2046,84
2047,84
2050,84
2051,84
2052,84
2053,84
2054,84
2055,84
2056,84
2057,84
2058,84
2060,84
2061,84
2062,84
2064,84
2065,84
2066,84
2067,84
2068,84
2069,84
2070,84
2071,84
2072,84
2073,84
2074,84
2075,84
2076,84
2077,84
2081,84
2082,84
2083,84
2084,84
2085,84
2086,84
2087,84
2088,84
2089,84
2090,84
2091,84
2092,84
2094,84
2095,84
2096,84
2097,84
2099,84
2100,84
2101,84
2102,84
2103,84
2104,84
2105,84
2106,84
2107,84
2108,84
2109,84
2110,84
2111,84
2112,84
2114,84
2115,84
2116,84
2117,84
2119,84
2120,84
2121,84
2122,84
2123,84
2126,84
2128,84
2129,84
2130,84
2131,84
2133,119
2134,84
2135,84
2136,84
2137,84
2138,84
2140,84
2141,84
2142,84
2143,84
2144,84
2145,84
2146,84
2148,84
2149,84
2150,84
2152,84
2155,84
2156,84
2157,84
2158,84
2159,84
2162,84
2163,84
2164,84
2165,84
2167,84
2168,84
2169,84
2173,84
2176,84
2177,84
2181,84
2183,84
2185,84
2187,84
2195,84
2196,84
2197,84
2198,84
2199,84
2200,84
2202,84
2207,84
2208,84
2209,84
2211,84
2212,84
2214,84
2215,84
2217,84
2222,84
2223,84
2224,64
2224,84
2225,84
2227,84
2228,84
2229,84
2230,84
2231,84
2232,84
2233,84
2234,84
2235,84
2237,84
2238,84
2239,84
2240,84
2242,84
2244,84
2247,84
2249,84
2252,84
2254,84
2255,84
2256,84
2257,84
2258,84
2261,84
2262,84
2263,84
2264,84
2265,84
2268,84
2269,84
2270,84
2273,84
2274,84
2275,84
2276,84
2278,84
2279,84
2280,84
2282,84
2284,84
2285,84
2287,84
2288,84
2290,84
2291,84
2292,84
2293,84
2295,84
2296,84
2297,84
2298,84
2299,84
2300,84
2302,84
2303,84
2304,84
2305,84
2308,84
2309,84
2310,84
2311,84
2312,84
2315,84
2317,84
2318,84
2319,84
2320,84
2321,84
2322,84
2323,84
2324,84
2325,84
2326,84
2327,84
2328,84
2329,84
2330,84
2333,84
2334,84
2335,84
2337,84
2339,84
2340,84
2341,84
2342,84
2343,84
2344,84
2345,84
2346,84
2347,84
2350,84
2352,84
2353,84
2354,84
2355,84
2356,84
2358,84
2359,84
2360,84
2361,84
2362,84
2363,84
2364,84
2365,84
2366,84
2368,84
2369,84
2370,84
2371,84
2372,84
2373,84
2374,84
2375,84
2376,84
2377,84
2378,84
2379,84
2381,84
2383,84
2385,84
2386,84
2388,84
2390,84
2391,84
2393,84
2394,84
2395,84
2398,84
2399,84
2400,84
2401,84
2402,84
2404,84
2406,84
2407,84
2408,84
2409,84
2410,84
2411,84
2413,84
2414,84
2415,84
2416,84
2417,84
2422,84
2423,84
2424,84
2425,84
2426,84
2428,84
2429,84
2430,84
2432,84
2433,84
2435,84
2436,84
2440,84
2441,84
2442,84
2443,84
2444,84
2445,84
2447,84
2448,84
2449,84
2450,84
2453,84
2454,84
2455,84
2456,84
2457,84
2458,84
2460,84
2461,84
2461,119
2462,84
2464,84
2466,84
2467,84
2469,84
2470,84
2473,84
2474,84
2477,84
2479,84
2480,84
2482,84
2484,84
2485,84
2486,84
2487,84
2488,84
2489,84
2490,84
2491,84
2492,84
2496,84
2497,84
2498,84
2500,84
2501,84
2502,84
2503,84
2505,84
2507,84
2509,84
2512,84
2513,84
2515,84
2517,84
2518,84
2522,84
2523,84
2524,84
2528,84
2529,84
2530,84
2531,84
2532,84
2533,84
2534,84
2536,84
2537,84
2538,84
2539,84
2540,84
2543,84
2544,84
2545,84
2546,84
2547,84
2548,84
2549,84
2550,84
2552,84
2554,84
2555,84
2556,84
2557,84
2558,84
2559,84
2560,84
2561,84
2563,84
2564,84
2565,84
2566,84
2567,84
2568,84
2572,84
2573,84
2575,84
2576,84
2578,84
2580,84
2583,84
2584,84
2586,84
2588,84
2589,84
2591,84
2592,84
2593,84
2594,84
2596,84
2597,84
2598,84
2599,84
2600,84
2601,84
2605,84
2606,84
2607,84
2608,84
2610,84
2611,84
2612,84
2615,84
2616,84
2619,84
2620,84
2621,84
2623,84
2624,84
2626,84
2627,84
2628,84
2629,84
2630,84
2631,84
2633,84
2634,84
2635,84
2636,84
2637,84
2638,84
2639,84
2640,84
2642,84
2643,84
2644,84
2645,84
2646,84
2647,84
2649,84
2650,84
2651,84
2652,84
2653,84
2654,84
2655,84
2656,84
2657,84
2658,84
2659,84
2660,84
2661,84
2663,84
2664,84
2665,84
2667,84
2669,84
2670,84
2671,84
2672,84
2674,84
2675,84
2678,84
2680,84
2683,84
2684,84
2686,84
2688,84
2690,84
2691,84
2692,84
2694,84
2695,84
2696,84
2697,84
2699,84
2700,84
2703,84
2704,84
2706,84
2707,84
2709,84
2711,84
2712,84
2713,84
2714,84
2715,84
2716,84
2717,84
2718,84
2721,84
2726,84
2727,84
2729,84
2730,84
2731,84
2733,84
2735,84
2736,84
2737,84
2739,84
2740,84
2741,84
2742,84
2743,84
2744,84
2745,84
2746,84
2748,84
2749,84
2752,84
2753,84
2755,84
2756,84
2757,84
2758,84
2760,84
2762,84
2764,84
2765,84
2768,84
2769,84
2770,84
2771,84
2772,84
2773,84
2774,84
2775,84
2776,84
2777,84
2781,84
2786,84
2787,84
2788,84
2790,84
2792,84
2793,84
2794,84
2796,84
2797,84
2798,84
2799,84
2800,84
2801,84
2802,84
2804,84
2806,84
2809,84
2810,84
2811,84
2812,84
2816,84
2818,84
2819,84
2820,84
2821,84
2823,84
2824,84
2826,84
2827,84
2828,84
2830,84
2833,84
2834,84
2835,84
2836,84
2840,84
2841,84
2842,84
2844,84
2845,84
2846,84
2848,84
2849,84
2851,84
2852,84
2854,84
2857,84
2858,84
2859,84
2860,84
2861,84
2862,84
2865,84
2866,84
2868,84
2869,84
2870,84
2872,84
2874,84
2875,84
2878,84
2879,84
2883,84
2885,84
2886,84
2887,84
2888,84
2889,84
2891,84
2892,84
2894,84
2895,84
2898,84
2900,84
2901,84
2905,84
2909,84
2910,84
2913,84
2915,84
2916,84
2917,84
2919,84
2921,84
2924,34
2924,84
2926,84
2931,84
2932,84
2933,84
2934,84
2935,84
2936,84
2936,119
2937,84
2939,84
2940,84
2941,84
2942,84
2943,84
2945,84
2946,84
2947,84
2948,84
2949,84
2950,84
2952,84
2954,84
2955,84
2956,84
2957,84
2958,84
2959,84
2960,84
2961,84
2962,84
2963,84
2964,84
2967,84
2969,84
2970,84
2972,84
2973,84
2975,84
2976,84
2977,84
2978,84
2979,84
2981,84
2983,84
2984,84
2987,84
2993,84
2994,84
2995,84
2996,84
2997,84
2998,84
2999,84
3000,84
3001,84
3003,84
3004,84
3005,84
3006,84
3007,84
3008,84
3009,84
3010,84
3011,84
3013,84
3014,84
3015,84
3017,84
3018,84
3019,84
3023,84
3024,84
3025,84
3026,84
3027,84
3028,84
3031,84
3032,84
3033,84
3034,84
3035,84
3036,84
3037,84
3039,84
3040,84
3041,84
3042,84
3043,84
3045,84
3046,84
3049,84
3050,84
3051,84
3052,84
3053,84
3054,84
3055,84
3056,84
3057,84
3058,84
3059,84
3060,84
3063,84
3064,84
3065,84
3066,84
3067,84
3068,84
3070,84
3072,84
3075,84
3077,84
3079,84
3080,29
3080,84
3081,84
3084,84
3086,84
3088,84
3089,84
3091,84
3092,84
3093,84
3095,84
3097,84
3098,84
3099,84
3100,84
3101,84
3102,84
3104,84
3105,84
3106,84
3109,84
3110,84
3111,84
3112,84
3113,84
3114,84
3115,84
3116,84
3117,84
3120,84
3122,84
3123,84
3125,84
3126,84
3127,84
3128,84
3129,84
3130,84
3133,84
3134,84
3135,84
3136,84
3137,84
3138,84
3139,84
3141,84
3142,84
3143,84
3144,84
3145,84
3147,84
3148,84
3149,84
3151,84
3152,84
3155,84
3158,84
3159,84
3160,84
3161,84
3162,84
3163,84
3164,84
3166,84
3168,84
3169,84
3171,84
3175,84
3177,84
3178,84
3180,84
3181,84
3182,84
3184,84
3188,84
3189,84
3191,84
3192,84
3193,84
3194,84
3195,84
3198,84
3200,84
3201,84
3203,84
3204,84
3207,84
3208,84
3210,84
3211,84
3212,84
3215,84
3216,84
3217,84
3219,84
3220,84
3221,84
3222,84
3223,84
3225,84
3226,84
3227,84
3228,84
3230,84
3232,84
3233,84
3235,84
3236,84
3238,84
3239,84
3241,84
3242,84
3243,84
3244,84
3245,84
3248,84
3249,84
3250,84
3251,84
3252,84
3253,84
3254,84
3255,84
3256,84
3257,84
3261,84
3263,84
3264,84
3265,84
3266,84
3267,84
3268,84
3269,84
3270,84
3271,84
3272,84
3274,84
3275,84
3276,84
3283,84
3284,84
3287,84
3288,84
3289,84
3290,84
3291,84
3293,84
3295,84
3296,84
3299,84
3300,84
3302,84
3304,84
3305,84
3306,84
3307,84
3310,84
3311,84
3312,84
3313,84
3314,84
3315,84
3316,84
3318,84
3320,84
3324,84
3325,84
3326,84
3327,84
3328,84
3329,84
3330,84
3331,84
3332,84
3333,84
3334,84
3337,84
3338,84
3339,84
3341,84
3343,84
3344,84
3347,84
3348,84
3349,84
3350,84
3352,84
3353,84
3354,84
3356,84
3357,84
3358,84
3359,84
3360,84
3362,84
3365,84
3366,84
3367,84
3368,84
3369,84
3370,84
3371,84
3372,84
3373,84
3374,84
3375,84
3376,84
3377,84
3382,84
3383,84
3386,84
3389,84
3390,84
3391,84
3392,84
3393,84
3394,84
3395,84
3396,84
3397,84
3398,84
3399,84
3400,84
3401,84
3403,84
3405,84
3406,84
3407,84
3409,84
3410,84
3412,84
3413,84
3414,84
3415,84
3416,84
3417,84
3420,84
3421,84
3424,84
3425,84
3426,84
3429,84
3430,84
3433,84
3434,84
3436,84
3437,84
3439,84
3441,84
3442,84
3443,84
3445,84
3448,84
3449,84
3450,84
3453,84
3454,84
3455,84
3456,84
3457,84
3458,84
3459,84
3460,84
3461,84
3462,84
3463,84
3464,84
3465,84
3468,84
3471,84
3474,84
3476,84
3479,84
3481,84
3483,84
3485,84
3488,84
3489,84
3490,84
3492,84
3494,84
3497,84
3498,84
3500,84
3501,84
3502,84
3507,84
3508,84
3512,84
3513,84
3515,84
3519,84
3520,84
3521,84
3523,84
3524,84
3528,84
3529,84
3530,84
3531,84
3532,84
3533,84
3534,84
3535,84
3536,84
3537,84
3539,84
3541,84
3542,84
3546,84
3547,84
3548,84
3549,84
3550,84
3551,84
3552,84
3553,84
3556,84
3558,84
3559,84
3560,84
3562,84
3564,84
3569,84
3571,84
3572,84
3573,84
3574,84
3575,84
3576,84
3577,84
3578,84
3579,84
3580,84
3581,84
3582,84
3584,84
3585,84
3586,84
3589,84
3591,84
3592,84
3596,84
3597,84
3598,84
3599,84
3600,84
3601,84
3602,84
3603,84
3604,84
3605,84
3606,84
3607,84
3608,84
3609,84
3610,84
3611,84
3612,84
3613,84
3614,84
3616,84
3617,84
3618,84
3619,84
3620,84
3621,84
3623,84
3624,84
3626,84
3628,84
3629,84
3631,84
3632,84
3633,84
3635,84
3636,84
3637,84
3638,84
3639,84
3640,84
3641,84
3642,84
3643,84
3644,84
3645,84
3648,84
3650,84
3651,84
3652,84
3653,84
3654,84
3655,84
3657,84
3658,84
3659,84
3660,84
3661,84
3663,84
3664,84
3665,84
3667,84
3668,84
3670,84
3671,84
3673,84
3674,84
3675,84
3676,84
3679,84
3680,84
3681,84
3684,84
3685,84
3686,84
3687,84
3689,84
3690,84
3691,84
3692,84
3693,84
3694,84
3696,84
3698,84
3699,84
3701,84
3702,84
3703,84
3706,84
3707,84
3711,84
3712,84
3713,84
3715,84
3716,84
3717,84
3718,84
3719,84
3720,84
3722,84
3723,84
3724,84
3725,84
3727,84
3728,84
3730,84
3731,84
3732,84
3733,84
3734,84
3736,84
3737,84
3738,84
3739,84
3740,84
3743,84
3745,84
3746,84
3747,84
3748,84
3750,84
3751,84
3752,84
3754,84
3755,84
3756,84
3757,84
3758,84
3759,84
3760,84
3761,84
3762,84
3763,84
3764,84
3765,84
3766,84
3767,84
3768,84
3769,84
3771,84
3772,84
3773,84
3775,84
3776,84
3777,84
3778,84
3779,84
3783,84
3784,84
3786,84
3788,84
3789,84
3790,84
3791,84
3792,84
3794,84
3795,84
3796,84
3797,84
3798,84
3800,84
3801,84
3803,84
3805,84
3806,84
3807,84
3808,84
3809,84
3810,84
3812,84
3813,84
3815,84
3818,84
3819,84
3820,84
3821,84
3822,84
3824,84
3825,84
3826,84
3827,84
3828,84
3829,84
3830,84
3831,84
3832,84
3833,84
3834,84
3836,84
3837,84
3838,84
3839,84
3840,84
3841,84
3842,84
3843,84
3844,84
3845,84
3846,84
3847,84
3848,84
3849,84
3850,84
3851,84
3852,84
3853,84
3854,84
3855,84
3856,84
3858,84
3859,84
3861,84
3862,84
3863,84
3868,84
3869,84
3870,84
3871,84
3872,84
3873,84
3875,84
3878,84
3882,84
3883,84
3884,84
3885,84
3886,84
3888,84
3889,84
3891,84
3892,84
3892,218
3894,84
3895,84
3896,84
3897,84
3898,84
3899,84
3900,84
3904,84
3905,84
3906,84
3909,84
3910,84
3911,84
3912,84
3913,84
3914,84
3915,84
3916,84
3917,84
3919,84
3922,84
3923,84
3924,84
3927,84
3928,84
3929,84
3930,84
3931,84
3932,84
3933,84
3934,84
3935,84
3936,84
3937,84
3938,84
3939,84
3941,84
3942,84
3943,84
3944,84
3945,84
3947,84
3948,84
3950,84
3952,84
3955,84
3956,84
3957,84
3959,84
3960,84
3961,84
3963,84
3964,84
3965,84
3967,84
3968,84
3971,84
3972,84
3973,84
3974,84
3976,84
3978,84
3980,84
3983,84
3989,84
3995,84
4003,84
4004,84
4005,84
4006,84
4007,84
4010,84
4012,84
4013,84
4015,84
4016,84
4017,84
4018,84
4020,84
4021,84
4023,84
4024,84
4025,84
4026,84
4028,84
4029,84
4030,84
4036,84
4037,84
4038,84
4039,84
4040,84
4041,84
4043,84
4044,84
4047,84
4048,84
4049,84
4050,84
4051,84
4052,84
4053,84
4055,84
4056,84
4059,84
4060,84
4061,84
4064,84
4065,84
4066,84
4067,84
4068,84
4071,84
4072,84
4073,84
4074,84
4075,84
4077,84
4078,84
4080,84
4081,84
4082,84
4083,84
4085,84
4089,84
4091,84
4092,84
4093,84
4094,84
4095,84
4096,84
4097,84
4098,84
4101,84
4102,84
4104,84
4105,84
4106,84
4108,84
4109,84
4110,84
4111,84
4112,84
4113,84
4114,84
4117,84
4118,84
4119,84
4120,84
4121,84
4122,84
4123,84
4124,84
4125,84
4126,84
4127,84
4128,84
4131,84
4132,84
4133,84
4136,84
4137,84
4138,84
4139,84
4141,84
4143,84
4145,84
4148,84
4149,84
4151,84
4152,84
4153,84
4154,84
4155,84
4160,84
4161,84
4162,84
4165,84
4167,84
4168,84
4170,84
4171,84
4173,84
4174,84
4175,84
4176,84
4178,84
4179,84
4180,84
4181,84
4182,84
4183,84
4184,84
4186,84
4187,84
4188,84
4189,84
4190,84
4192,84
4193,84
4194,84
4195,84
4196,84
4197,84
4198,84
4200,84
4201,84
4202,84
4203,84
4204,84
4205,84
4207,84
4208,84
4209,84
4210,84
4211,84
4212,84
4213,84
4215,84
4216,84
4217,84
4218,84
4219,84
4220,84
4221,84
4222,84
4223,84
4224,84
4225,84
4227,84
4229,84
4231,84
4232,84
4233,84
4235,84
4236,84
4236,170
4237,84
4241,84
4242,84
4243,84
4244,84
4245,84
4246,84
4248,84
4249,84
4251,84
4252,84
4254,84
4256,84
4258,84
4260,84
4262,84
4263,84
4264,84
4265,84
4266,84
4267,84
4269,84
4271,84
4273,84
4274,84
4275,84
4276,84
4279,84
4281,84
4282,84
4283,84
4284,84
4285,84
4286,84
4287,84
4288,84
4289,84
4291,84
4292,84
4295,84
4296,84
4297,84
4298,84
4301,84
4302,84
4304,84
4305,84
4306,84
4308,84
4310,84
4311,84
4315,84
4317,84
4320,84
4322,84
4323,84
4325,84
4326,84
4328,84
4329,84
4333,84
4334,84
4335,84
4336,84
4340,84
4341,84
4343,84
4344,84
4346,84
4347,84
4348,84
4349,84
4350,84
4351,84
4352,84
4353,84
4354,84
4355,84
4357,84
4358,84
4359,84
4360,84
4361,84
4362,84
4363,84
4364,84
4365,84
4366,84
4367,84
4368,84
4369,84
4370,84
4371,84
4372,84
4376,84
4377,84
4378,84
4379,84
4380,84
4381,84
4382,84
4383,84
4384,84
4386,84
4387,84
4390,84
4391,84
4392,84
4393,28
4394,84
4396,84
4397,84
4398,84
4399,84
4400,84
4401,84
4404,84
4405,84
4408,84
4410,84
4412,84
4413,84
4415,84
4420,84
4422,84
4423,84
4424,84
4425,84
4427,84
4429,84
4430,84
4431,84
4433,84
4434,84
4435,84
4437,84
4438,84
4439,84
4440,84
4441,84
4442,84
4443,84
4444,84
4445,156
4446,84
4448,84
4449,84
4449,286
4450,84
4452,84
4453,84
4454,84
4455,84
4456,84
4459,84
4460,84
4461,84
4462,84
4463,84
4464,84
4466,84
4468,84
4469,84
4471,84
4472,84
4475,84
4476,84
4477,84
4479,84
4480,84
4482,84
4483,84
4487,84
4488,84
4491,84
4492,84
4498,84
4499,84
4500,84
4501,84
4502,84
4503,84
4505,84
4507,84
4508,84
4509,84
4511,84
4512,84
4513,84
4514,84
4516,84
4517,84
4518,84
4519,84
4520,84
4522,84
4525,84
4526,84
4527,84
4534,84
4535,84
4536,84
4537,84
4538,84
4539,84
4540,84
4541,84
4542,84
4544,84
4545,84
4548,84
4549,84
4552,84
4554,84
4557,84
4558,84
4559,84
4560,84
4561,84
4562,84
4563,84
4564,84
4565,84
4566,84
4567,84
4568,84
4569,84
4570,84
4571,84
4572,84
4573,84
4574,84
4575,84
4577,84
4579,84
4580,84
4581,84
4582,84
4583,84
4585,84
4586,84
4589,84
4591,84
4593,84
4594,84
4595,84
4596,84
4598,84
4603,84
4604,84
4605,84
4610,84
4613,84
4614,84
4615,84
4616,84
4618,84
4619,84
4620,84
4621,84
4622,84
4624,84
4625,84
4626,84
4627,84
4628,84
4630,84
4631,84
4633,84
4635,84
4636,84
4637,84
4638,84
4639,84
4641,84
4642,84
4643,84
4644,84
4645,84
4646,84
4647,84
4648,84
4649,84
4650,84
4651,84
4653,84
4654,84
4655,84
4656,84
4657,84
4658,84
4660,84
4661,84
4663,84
4664,84
4665,84
4666,84
4667,84
4669,84
4670,84
4671,84
4672,84
4673,84
4674,84
4675,84
4676,84
4677,84
4679,84
4681,84
4682,84
4683,84
4684,84
4685,84
4686,84
4687,84
4690,84
4691,84
4693,84
4693,227
4694,84
4695,84
4695,191
4697,84
4699,84
4700,84
4702,84
4703,84
4704,84
4705,84
4706,84
4708,84
4709,84
4710,84
4711,84
4712,84
4713,84
4714,84
4715,84
4718,84
4719,84
4721,84
4722,84
4723,84
4724,84
4725,84
4726,84
4727,84
4729,84
4730,84
4732,84
4734,84
4735,84
4736,84
4737,84
4738,84
4739,84
4740,84
4742,84
4744,84
4746,84
4747,84
4748,84
4749,84
4750,84
4751,84
4752,84
4753,84
4754,84
4755,84
4757,84
4758,84
4759,84
4760,84
4761,84
4762,84
4763,84
4764,84
4766,84
4767,84
4770,84
4772,84
4776,84
4778,84
4779,84
4780,84
4781,84
4782,84
4783,84
4784,84
4785,84
4787,84
4792,84
4795,84
4796,84
4797,84
4798,84
4800,84
4801,84
4807,84
4809,84
4810,84
4812,84
4813,84
4814,84
4815,84
4816,84
4817,84
4819,84
4820,84
4821,84
4823,84
4824,84
4825,84
4826,84
4828,84
4830,84
4831,84
4832,84
4833,84
4834,84
4835,84
4836,84
4837,84
4838,84
4841,84
4842,84
4843,84
4845,84
4846,84
4847,84
4848,84
4849,84
4850,84
4851,84
4852,84
4853,84
4854,84
4855,84
4856,84
4857,84
4858,84
4859,84
4860,84
4861,84
4862,84
4863,84
4864,84
4865,84
4866,84
4867,84
4868,84
4871,84
4872,84
4873,84
4875,84
4876,84
4877,84
4879,84
4880,84
4881,84
4883,84
4884,84
4885,84
4886,84
4887,84
4889,84
4890,84
4891,84
4893,84
4895,84
4896,84
4897,84
4898,84
4899,84
4900,84
4903,84
4904,84
4906,84
4907,84
4908,84
4910,84
4912,84
4916,84
4918,84
4929,84
4930,84
4977,84
4978,84
4996,84
4997,84
5001,84
5002,84
5003,84
5004,84
5005,84
5006,84
5009,84
5010,84
5014,84
5016,84
5018,84
5019,84
5020,84
5022,84
5023,84
5024,84
5026,84
5028,84
5030,84
5032,84
5033,84
5035,84
5037,84
5038,84
5040,84
5042,84
5043,84
5044,84
5046,84
5047,84
5048,84
5049,84
5050,84
5051,84
5053,84
5055,84
5056,84
5058,84
5059,84
5061,84
5062,84
5063,84
5064,84
5065,84
5067,84
5072,84
5073,84
5074,84
5075,84
5076,84
5077,84
5078,84
5079,84
5081,84
5083,84
5084,84
5085,84
5087,84
5088,84
5089,84
5091,84
5092,84
5093,84
5094,84
5095,84
5096,84
5098,84
5099,84
5101,84
5102,84
5104,84
5106,84
5109,84
5111,84
5114,84
5115,84
5117,84
5118,84
5120,84
5121,84
5122,84
5123,84
5126,84
5127,84
5131,84
5132,84
5133,84
5134,84
5136,84
5137,84
5138,84
5140,84
5142,84
5143,84
5145,84
5146,84
5148,84
5150,84
5151,84
5152,84
5153,84
5154,84
5155,84
5156,84
5157,84
5158,84
5159,84
5160,84
5161,84
5162,84
5163,84
5164,84
5165,84
5166,84
5167,84
5169,84
5171,84
5172,84
5173,84
5174,84
5175,84
5176,84
5177,84
5178,84
5179,84
5181,84
5182,84
5183,84
5185,84
5186,84
5187,84
5189,84
5190,84
5193,84
5194,84
5196,84
5197,84
5198,84
5199,84
5200,84
5201,84
5202,84
5203,84
5206,84
5207,84
5209,84
5210,84
5212,84
5213,84
5214,84
5216,84
5217,84
5218,84
5219,84
5221,84
5222,84
5223,84
5224,84
5226,84
5231,84
5232,84
5233,84
5234,84
5235,84
5237,84
5239,84
5241,84
5242,84
5245,84
5247,84
5248,84
5249,84
5251,84
5252,84
5255,84
5256,84
5257,84
5258,84
5259,84
5261,84
5262,84
5265,84
5267,84
5269,84
5272,84
5274,84
5275,84
5276,84
5278,84
5279,84
5280,84
5282,84
5283,84
5284,84
5286,84
5288,84
5289,84
5290,84
5292,84
5293,84
5294,84
5297,84
5300,84
5301,84
5304,84
5305,84
5309,84
5310,84
5311,84
5312,84
5314,84
5316,84
5317,84
5321,84
5324,84
5325,84
5326,84
5328,84
5331,84
5332,84
5335,84
5336,84
5337,84
5338,84
5339,84
5340,84
5341,84
5342,84
5344,84
5347,84
5348,84
5349,84
5350,84
5351,84
5353,84
5354,84
5355,84
5356,84
5357,84
5360,84
5363,84
5364,84
5367,84
5369,84
5370,84
5371,84
5372,84
5377,84
5378,84
5380,84
5382,84
5383,84
5385,84
5387,84
5388,84
5388,119
5390,84
5391,84
5392,84
5393,84
5394,84
5395,84
5398,84
5399,84
5401,84
5402,84
5403,84
5404,84
5406,84
5408,84
5409,84
5410,84
5411,84
5414,84
5416,84
5417,84
5418,84
5420,84
5421,84
5422,84
5427,84
5430,84
5431,84
5432,84
5433,84
5435,84
5438,84
5439,84
5440,84
5441,84
5442,84
5443,84
5445,84
5446,84
5447,84
5448,84
5450,84
5451,84
5452,84
5453,84
5454,84
5455,84
5457,84
5458,84
5459,84
5460,84
5461,84
5462,84
5465,84
5467,84
5468,84
5470,84
5472,84
5473,84
5474,84
5475,84
5476,84
5477,84
5478,84
5480,84
5481,84
5482,84
5483,84
5484,84
5485,84
5486,84
5487,84
5489,84
5491,84
5492,84
5493,84
5494,84
5495,84
5496,84
5497,84
5498,84
5499,84
5501,84
5504,84
5506,84
5507,84
5508,84
5510,84
5513,84
5516,84
5517,84
5519,84
5520,84
5521,84
5522,84
5524,84
5528,84
5529,84
5534,84
5535,84
5536,84
5538,84
5539,84
5540,84
5542,84
5546,84
5547,84
5549,84
5552,84
5553,84
5554,84
5555,84
5556,84
5557,84
5558,84
5559,84
5565,84
5567,84
5568,84
5571,84
5572,84
5573,84
5574,84
5575,84
5578,84
5579,84
5580,84
5581,84
5582,84
5584,84
5586,84
5587,84
5588,84
5593,84
5594,84
5595,84
5596,84
5597,84
5598,84
5601,84
5602,84
5604,84
5605,84
5606,302
5607,84
5608,84
5609,84
5611,84
5613,84
5613,102
5614,84
5616,84
5617,84
5618,84
5619,84
5620,84
5622,84
5623,84
5625,84
5626,84
5629,84
5631,84
5633,84
5634,84
5635,84
5637,84
5638,84
5639,84
5640,84
5642,84
5643,84
5644,84
5645,84
5647,84
5648,84
5649,84
5650,84
5651,84
5652,84
5653,84
5654,84
5655,84
5656,84
5657,84
5660,84
5661,84
5663,84
5664,84
5665,84
5666,84
5667,84
5668,84
5669,84
5670,84
5672,84
5674,84
5675,84
5677,84
5680,84
5681,84
5682,84
5683,84
5684,84
5685,84
5686,84
5687,84
5688,84
5692,84
5694,84
5695,84
5697,84
5698,84
5699,84
5701,84
5702,84
5703,84
5705,84
5706,84
5709,84
5710,84
5711,84
5712,84
5717,84
5719,84
5720,84
5722,84
5724,84
5725,84
5726,84
5727,84
5728,84
5730,84
5731,84
5732,84
5734,84
5735,84
5736,84
5737,84
5739,84
5740,84
5741,84
5742,84
5743,84
5744,84
5745,84
5747,84
5748,84
5749,84
5750,84
5751,84
5752,84
5753,84
5754,84
5756,84
5757,84
5758,84
5759,84
5760,84
5762,84
5763,84
5765,84
5766,84
5767,84
5770,84
5774,84
5775,84
5776,84
5777,84
5778,84
5781,84
5782,84
5783,84
5784,84
5784,268
5786,84
5787,84
5788,84
5791,84
5793,84
5794,84
5796,84
5797,84
5798,84
5799,84
5800,84
5801,84
5803,84
5804,84
5805,84
5806,84
5807,84
5809,84
5810,84
5811,84
5812,84
5813,84
5814,84
5816,84
5817,84
5818,84
5819,84
5820,84
5822,84
5823,84
5824,84
5825,84
5827,84
5830,84
5831,84
5833,84
5834,84
5835,84
5836,84
5837,84
5838,84
5839,84
5841,84
5842,84
5843,84
5845,84
5846,84
5847,84
5850,84
5852,84
5855,84
5857,84
5858,84
5859,84
5860,84
5861,84
5862,84
5863,84
5865,84
5866,84
5867,84
5868,84
5869,84
5870,84
5871,84
5873,84
5874,84
5875,84
5876,84
5877,84
5880,84
5880,119
5881,84
5882,84
5885,84
5887,84
5888,84
5889,84
5891,84
5892,84
5893,84
5894,84
5895,84
5896,84
5897,84
5898,84
5899,84
5900,84
5901,84
5902,84
5903,84
5905,84
5906,84
5908,84
5909,84
5910,84
5912,84
5913,84
5914,84
5916,84
5917,84
5918,84
5920,84
5921,84
5922,84
5923,84
5924,84
5925,84
5926,84
5927,84
5929,84
5931,84
5933,84
5934,84
5938,84
5939,84
5941,84
5942,84
5943,84
5944,84
5945,84
5946,84
5947,84
5948,84
5950,84
5951,84
5952,84
5953,84
5954,84
5955,84
5956,84
5958,84
5960,84
5962,84
5963,84
5964,84
5965,84
5968,84
5969,84
5971,84
5972,84
5973,84
5974,84
5975,84
5976,84
5977,84
5978,84
5979,84
5982,84
5983,84
5984,84
5985,84
5986,84
5987,84
5989,84
5990,84
5992,84
5993,84
5995,84
5996,84
5997,84
5998,84
5999,84
6000,84
6003,84
6004,84
6005,84
6006,84
6008,84
6009,84
6010,84
6011,84
6012,84
6015,84
6016,84
6017,84
6018,84
6019,84
6021,84
6022,84
6025,84
6026,84
6027,84
6028,84
6029,84
6031,84
6032,84
6034,84
6036,84
6037,84
6038,84
6039,84
6040,84
6041,84
6042,84
6043,84
6044,84
6045,84
6046,84
6047,84
6048,84
6051,84
6054,84
6055,84
6056,84
6057,84
6058,84
6059,84
6060,84
6062,84
6063,84
6064,84
6065,84
6066,84
6067,84
6069,84
6074,84
6075,84
6076,84
6077,84
6078,84
6079,84
6080,84
6081,84
6082,84
6083,84
6085,84
6086,84
6088,84
6089,84
6090,84
6091,84
6092,84
6093,84
6094,84
6095,84
6096,84
6097,84
6098,84
6099,84
6100,84
6101,84
6102,84
6104,84
6105,84
6106,84
6107,84
6108,84
6109,84
6110,84
6111,84
6112,84
6113,84
6114,84
6115,84
6117,84
6118,84
6119,84
6120,84
6122,84
6123,84
6125,84
6126,84
6130,84
6131,84
6132,84
6133,84
6134,84
6135,84
6136,84
6137,84
6138,84
6139,84
6141,84
6144,84
6145,84
6146,84
6150,84
6151,84
6152,84
6153,84
6154,84
6155,84
6156,84
6157,84
6158,84
6159,84
6160,84
6161,84
6163,84
6164,84
6165,84
6166,84
6167,84
6168,84
6169,84
6170,84
6172,84
6173,84
6174,84
6175,84
6176,84
6177,84
6178,84
6180,84
6181,84
6182,84
6183,84
6184,84
6187,84
6189,84
6190,84
6191,84
6192,84
6194,84
6195,84
6196,84
6197,84
6198,84
6199,84
6200,84
6203,84
6204,84
6206,84
6207,84
6208,84
6210,84
6211,84
6212,84
6213,84
6214,84
6215,84
6216,84
6218,84
6219,84
6221,84
6222,84
6229,84
6233,84
6234,84
6235,84
6236,84
6237,84
6242,84
6244,84
6245,84
6246,84
6247,84
6248,84
6250,84
6251,84
6252,84
6253,84
6254,84
6256,84
6257,84
6258,84
6259,84
6260,84
6261,84
6262,84
6263,84
6264,84
6268,84
6269,84
6270,84
6271,84
6272,84
6273,84
6274,84
6275,84
6276,84
6277,84
6278,84
6280,84
6281,84
6282,84
6283,84
6285,84
6286,84
6287,84
6288,84
6290,84
6291,84
6292,84
6293,84
6294,84
6295,84
6297,84
6298,84
6299,84
6300,84
6303,84
6305,84
6306,84
6307,84
6308,84
6309,84
6310,84
6311,84
6312,84
6313,84
6314,84
6315,84
6316,84
6317,84
6320,84
6321,84
6324,84
6325,84
6326,84
6328,84
6331,84
6333,84
6335,84
6336,84
6337,84
6338,84
6339,84
6340,84
6341,84
6343,84
6344,84
6345,84
6346,84
6347,84
6350,84
6351,84
6352,84
6353,84
6354,84
6355,84
6356,84
6358,84
6359,84
6360,84
6361,84
6362,84
6363,84
6364,84
6367,84
6368,84
6371,84
6373,84
6374,84
6375,84
6376,84
6378,84
6379,84
6380,84
6381,84
6382,84
6385,84
6387,84
6388,84
6389,84
6390,84
6392,84
6394,84
6395,84
6398,84
6400,84
6401,84
6402,84
6403,84
6404,84
6406,84
6407,84
6408,84
6409,84
6410,84
6411,84
6412,84
6415,84
6418,84
6420,84
6422,84
6423,84
6424,84
6425,84
6426,84
6428,84
6429,84
6431,84
6432,84
6433,84
6434,84
6435,84
6436,84
6438,84
6440,84
6441,84
6442,84
6443,84
6444,84
6445,84
6446,84
6447,84
6448,84
6449,84
6450,84
6451,84
6453,84
6454,84
6455,84
6457,84
6458,84
6459,84
6461,84
6462,84
6463,84
6464,84
6465,84
6469,84
6470,84
6471,84
6472,84
6473,84
6475,84
6476,84
6477,84
6478,84
6479,84
6480,84
6481,84
6483,84
6484,84
6485,84
6486,84
6487,84
6489,84
6490,84
6491,84
6492,84
6494,84
6495,84
6496,84
6497,84
6498,84
6499,84
6500,84
6501,84
6503,84
6504,84
6505,84
6507,84
6508,84
6509,84
6512,84
6513,84
6515,84
6517,84
6523,84
6525,84
6526,84
6528,84
6530,84
6532,84
6534,84
6535,84
6536,84
6537,84
6538,84
6539,84
6542,84
6544,84
6545,84
6546,84
6547,84
6548,84
6549,84
6553,84
6554,84
6556,84
6557,84
6558,84
6559,84
6560,84
6561,84
6562,84
6563,84
6565,84
6566,84
6567,84
6569,84
6571,84
6572,84
6573,84
6575,84
6576,84
6577,84
6579,84
6580,84
6582,84
6584,84
6589,84
6589,174
6590,84
6591,84
6594,84
6597,84
6599,84
6600,84
6602,84
6603,84
6604,84
6605,84
6606,84
6607,84
6608,84
6609,84
6610,84
6613,84
6614,84
6615,84
6617,84
6618,84
6620,84
6621,84
6622,84
6623,84
6629,84
6630,84
6631,84
6633,84
6634,84
6635,84
6636,84
6639,84
6641,84
6642,84
6643,84
6644,84
6646,84
6648,84
6649,84
6651,84
6653,84
6654,84
6655,84
6656,84
6659,84
6661,84
6662,84
6663,84
6664,84
6666,84
6667,84
6668,84
6669,84
6672,84
6673,84
6674,84
6675,84
6676,84
6678,84
6679,84
6680,84
6681,84
6682,84
6685,84
6687,84
6688,84
6689,84
6691,84
6693,84
6694,84
6699,84
6701,84
6702,84
6705,84
6708,84
6709,84
6710,84
6711,84
6714,84
6716,84
6717,84
6718,84
6719,84
6722,84
6724,84
6725,84
6726,84
6727,84
6730,84
6733,84
6736,84
6737,84
6738,84
6740,84
6741,84
6742,84
6743,84
6744,84
6747,84
6750,84
6751,84
6752,84
6756,84
6758,84
6759,84
6761,84
6762,84
6763,84
6764,84
6767,84
6768,84
6769,84
6771,84
6772,84
6777,84
6779,84
6780,84
6781,84
6782,84
6783,84
6784,84
6786,84
6787,84
6791,84
6792,84
6793,84
6794,84
6801,84
6802,84
6804,84
6805,84
6806,84
6807,84
6808,84
6809,84
6810,84
6811,84
6812,84
6814,84
6815,84
6816,84
6817,84
6818,84
6819,84
6820,84
6821,84
6824,84
6825,84
6826,84
6829,84
6831,84
6835,84
6836,84
6841,84
6842,84
6844,84
6845,84
6846,84
6847,84
6850,84
6851,84
6852,84
6853,84
6854,84
6855,84
6858,84
6859,84
6861,84
6862,84
6863,84
6864,84
6866,84
6867,84
6870,84
6871,84
6877,84
6878,84
6879,84
6882,84
6884,84
6885,84
6887,84
6888,84
6891,84
6892,84
6893,84
6894,84
6895,84
6896,84
6897,84
6898,84
6902,84
6903,84
6906,84
6907,84
6908,84
6910,84
6911,84
6914,84
6915,84
6917,84
6918,84
6920,84
6921,84
6924,84
6928,84
6929,84
6931,84
6932,84
6933,84
6934,84
6935,84
6936,84
6938,84
6939,84
6940,84
6941,84
6942,84
6943,84
6944,84
6946,84
6947,84
6948,84
6950,84
6951,84
6952,84
6953,84
6955,84
6956,84
6957,84
6960,84
6961,84
6962,84
6963,84
6964,84
6965,84
6966,84
6967,84
6972,84
6976,84
6979,84
6980,84
6981,84
6983,84
6985,84
6986,84
6987,84
6989,84
6990,84
6992,84
6993,84
6994,84
7000,84
7006,84
7007,84
7008,84
7009,84
7010,84
7011,84
7015,84
7016,84
7017,84
7018,84
7019,84
7020,84
7021,84
7023,84
7024,84
7026,84
7027,84
7028,84
7029,84
7030,84
7031,84
7033,84
7034,84
7035,84
7036,84
7037,84
7038,84
7040,84
7044,84
7047,84
7049,84
7050,84
7051,84
7053,84
7054,84
7055,84
7057,84
7059,84
7060,84
7062,84
7063,84
7064,84
7065,84
7066,84
7069,84
7070,84
7071,84
7072,84
7073,84
7074,84
7075,84
7076,84
7077,84
7078,84
7080,84
7081,84
7082,84
7083,84
7084,84
7085,84
7087,84
7088,84
7089,84
7090,84
7091,84
7092,84
7093,84
7094,84
7095,84
7098,84
7099,84
7100,84
7101,84
7102,84
7103,84
7104,84
7105,84
7107,84
7108,84
7110,84
7111,84
7112,84
7113,84
7114,84
7116,84
7117,84
7118,84
7119,84
7122,84
7123,84
7125,84
7126,84
7127,84
7128,84
7129,84
7131,84
7133,84
7134,84
7139,84
7141,84
7142,84
7145,84
7147,84
7149,84
7150,84
7152,84
7153,84
7155,84
7156,84
7157,84
7158,84
7160,84
7161,84
7163,84
7164,84
7165,84
7166,84
7167,84
7168,84
7170,84
7171,84
7174,84
7176,84
7179,84
7180,84
7182,84
7186,84
7188,84
7189,84
7192,84
7193,84
7194,84
7195,84
7197,84
7199,84
7200,84
7203,84
7204,84
7206,84
7207,84
7208,84
7209,84
7210,84
7213,84
7215,84
7217,84
7219,84
7221,84
7222,84
7224,84
7225,84
7226,84
7227,84
7228,84
7229,84
7230,84
7231,84
7232,84
7233,84
7234,84
7235,84
7236,84
7238,84
7239,84
7243,84
7244,84
7245,84
7247,84
7248,84
7251,84
7253,84
7254,84
7256,84
7257,84
7258,84
7259,84
7260,84
7261,84
7262,84
7263,84
7264,84
7265,84
7266,84
7267,84
7268,84
7269,84
7271,84
7274,84
7276,84
7279,84
7280,84
7283,84
7286,84
7291,84
7295,84
7298,84
7299,84
7300,84
7301,84
7302,84
7305,84
7307,84
7308,84
7309,84
7311,84
7312,84
7315,84
7316,84
7318,84
7319,84
7320,84
7323,84
7327,84
7328,84
7329,84
7331,84
7333,84
7335,84
7336,84
7340,84
7341,84
7343,84
7346,84
7347,84
7348,84
7349,84
7350,84
7352,84
7355,84
7356,84
7357,84
7358,84
7363,84
7364,84
7365,84
7366,84
7367,84
7368,84
7369,84
7371,84
7373,84
7377,84
7378,84
7380,84
7381,84
7382,84
7384,84
7385,84
7386,84
7387,84
7390,84
7391,84
7392,84
7394,84
7395,84
7397,84
7398,84
7399,84
7400,84
7401,84
7402,84
7403,84
7404,84
7405,84
7407,84
7409,84
7411,84
7412,84
7413,84
7415,84
7416,84
7417,84
7418,84
7419,84
7420,84
7421,84
7422,84
7423,84
7424,84
7425,84
7426,84
7427,84
7428,84
7430,84
7431,84
7432,84
7433,84
7434,84
7435,84
7436,84
7438,84
7440,84
7442,84
7443,84
7444,84
7445,84
7446,84
7448,84
7451,84
7452,84
7453,84
7454,84
7455,84
7456,84
7460,84
7463,84
7465,84
7466,84
7467,84
7468,84
7470,84
7472,84
7473,84
7475,84
7476,84
7478,84
7481,84
7482,84
7483,84
7485,84
7489,84
7491,84
7492,84
7493,84
7496,84
7497,84
7498,84
7500,84
7502,84
7503,84
7504,84
7506,84
7507,84
7508,84
7509,84
7511,84
7516,84
7517,84
7520,84
7521,84
7522,84
7523,84
7524,84
7526,84
7531,84
7532,84
7533,84
7534,84
7535,84
7538,84
7539,84
7540,84
7541,84
7542,84
7543,84
7545,84
7546,84
7547,84
7548,84
7549,84
7552,84
7554,84
7555,84
7556,84
7557,84
7560,84
7561,84
7563,84
7564,84
7566,84
7568,84
7570,84
7571,84
7572,84
7573,84
7574,84
7575,84
7576,84
7577,84
7578,84
7579,84
7581,84
7585,84
7586,84
7587,84
7588,84
7589,84
7590,84
7591,84
7592,84
7595,84
7596,84
7598,84
7600,84
7601,84
7604,84
7605,84
7606,84
7607,84
7607,247
7609,84
7611,84
7612,84
7613,84
7617,84
7618,84
7620,84
7621,84
7622,84
7623,84
7624,84
7627,84
7628,84
7631,84
7633,84
7636,84
7640,84
7643,84
7645,84
7646,84
7647,84
7648,84
7650,84
7651,84
7653,84
7654,84
7655,84
7657,84
7658,84
7659,84
7661,84
7662,84
7663,84
7665,84
7667,84
7668,84
7673,84
7675,84
7676,84
7677,84
7679,84
7680,84
7681,84
7684,84
7685,84
7687,84
7688,84
7689,84
7690,84
7691,84
7693,84
7698,84
7699,84
7700,84
7701,84
7703,84
7705,84
7706,84
7707,84
7708,84
7711,84
7712,84
7713,84
7715,84
7716,84
7717,84
7718,84
7719,84
7721,84
7723,84
7724,84
7725,84
7727,84
7728,84
7729,84
7731,84
7732,84
7735,84
7738,84
7739,84
7740,84
7741,84
7742,84
7743,84
7744,84
7745,84
7746,84
7747,84
7748,84
7749,84
7752,84
7753,84
7754,84
7755,84
7756,84
7757,84
7758,84
7759,84
7760,84
7761,84
7762,84
7763,84
7767,84
7768,84
7769,84
7770,84
7773,84
7774,84
7775,84
7776,84
7779,84
7780,84
7782,84
7785,84
7787,84
7789,84
7792,84
7794,84
7795,84
7800,84
7801,84
7803,84
7804,84
7806,84
7807,84
7808,84
7809,84
7810,84
7812,84
7813,84
7815,84
7816,84
7817,84
7818,84
7819,84
7820,84
7823,84
7826,84
7827,84
7828,84
7829,84
7830,84
7831,84
7833,84
7834,84
7835,84
7837,84
7838,84
7841,84
7843,84
7845,84
7846,84
7847,84
7848,84
7849,84
7850,84
7852,84
7854,84
7855,84
7857,84
7858,84
7861,84
7862,84
7865,84
7867,84
7868,84
7869,84
7870,84
7871,84
7872,84
7873,84
7874,84
7875,84
7876,84
7877,84
7879,84
7882,84
7884,84
7885,84
7887,84
7891,84
7892,84
7893,84
7896,84
7899,84
7902,84
7906,84
7907,84
7909,84
7910,84
7912,84
7913,84
7914,84
7916,84
7917,84
7918,84
7919,84
7920,84
7922,84
7924,84
7930,84
7933,84
7934,84
7935,84
7936,84
7939,84
7940,84
7941,84
7942,84
7943,84
7946,84
7947,84
7949,84
7950,84
7951,84
7954,84
7955,84
7956,84
7958,84
7960,84
7961,84
7962,84
7964,84
7968,84
7970,84
7971,84
7972,84
7974,84
7975,84
7976,84
7977,84
7980,84
7981,84
7982,84
7983,84
7984,84
7985,84
7986,84
7987,84
7988,84
7989,84
7991,84
7994,84
7995,84
7996,84
7998,84
7999,84
8001,84
8002,84
8010,84
8012,84
8014,84
8015,84
8016,84
8018,84
8020,84
8022,84
8023,84
8026,84
8027,84
8028,84
8029,84
8030,84
8032,84
8033,84
8034,84
8037,84
8038,84
8039,84
8040,84
8042,84
8043,84
8044,84
8050,84
8051,84
8052,84
8054,84
8057,84
8058,84
8059,84
8064,84
8066,84
8070,84
8073,84
8075,84
8077,84
8078,84
8079,84
8081,84
8082,84
8083,84
8085,84
8088,84
8089,84
8090,84
8091,84
8093,84
8095,84
8097,84
8098,84
8100,84
8101,84
8102,84
8104,84
8106,84
8107,84
8109,84
8111,84
8113,84
8114,84
8115,84
8118,84
8119,84
8124,84
8125,84
8126,84
8127,84
8128,84
8131,84
8132,84
8133,84
8134,84
8135,84
8136,84
8137,84
8143,84
8144,84
8145,84
8146,84
8147,84
8148,84
8150,84
8153,84
8154,84
8156,84
8157,84
8158,84
8160,84
8161,84
8163,84
8166,84
8168,84
8170,84
8171,84
8176,84
8180,84
8181,84
8182,84
8185,84
8186,84
8187,84
8188,84
8194,84
8199,84
8200,84
8202,84
8203,84
8207,84
8208,84
8209,84
8210,84
8211,84
8212,84
8213,84
8215,84
8216,84
8218,84
8220,84
8223,84
8224,84
8228,84
8229,84
8231,84
8232,84
8233,84
8236,84
8237,84
8238,84
8240,84
8241,84
8245,84
8246,84
8247,84
8248,84
8249,84
8250,84
8251,84
8255,84
8257,84
8259,84
8261,84
8262,84
8263,84
8264,84
8265,84
8269,84
8270,84
8271,84
8274,84
8277,84
8280,84
8281,84
8282,84
8284,84
8285,84
8286,84
8287,84
8289,84
8292,84
8293,84
8295,84
8297,84
8299,84
8301,84
8302,84
8303,84
8304,84
8305,84
8307,84
8308,84
8314,84
8316,84
8318,84
8319,84
8322,84
8325,84
8326,84
8327,84
8328,84
8333,84
8335,84
8336,84
8339,84
8342,84
8344,84
8345,84
8346,84
8347,84
8351,84
8357,84
8358,84
8359,84
8360,84
8362,84
8364,84
8366,84
8367,84
8368,84
8369,84
8370,84
8371,84
8372,84
8374,84
8375,84
8376,84
8379,84
8381,84
8383,84
8384,84
8385,84
8389,84
8390,84
8391,84
8392,84
8394,84
8395,84
8396,84
8397,84
8399,84
8400,84
8401,84
8402,84
8403,84
8404,84
8406,84
8407,84
8409,84
8410,84
8411,84
8412,84
8417,84
8419,84
8420,84
8422,84
8423,84
8424,84
8426,84
8427,84
8428,84
8429,84
8430,84
8431,84
8434,84
8435,84
8436,84
8438,84
8439,84
8440,84
8441,84
8444,84
8445,84
8446,84
8452,84
8455,84
8456,84
8457,84
8459,84
8461,84
8462,84
8466,84
8468,84
8469,84
8470,84
8472,84
8474,84
8475,84
8476,84
8477,84
8481,84
8483,84
8485,84
8486,84
8488,84
8489,84
8490,84
8491,84
8493,84
8494,84
8495,84
8497,84
8498,84
8499,84
8500,84
8502,84
8503,84
8504,84
8505,84
8506,84
8507,84
8508,84
8509,84
8510,84
8511,84
8513,84
8514,84
8517,84
8518,84
8519,84
8520,84
8521,84
8523,84
8524,84
8525,84
8527,84
8529,84
8531,84
8533,84
8535,84
8536,84
8537,84
8538,84
8539,84
8540,84
8541,84
8542,84
8543,84
8544,84
8545,84
8546,84
8547,84
8548,84
8549,84
8550,84
8551,84
8553,84
8554,84
8556,84
8557,84
8558,84
8559,84
8560,84
8561,84
8566,84
8567,84
8569,84
8571,84
8572,84
8573,84
8576,84
8577,84
8578,84
8579,84
8580,84
8581,84
8582,84
8583,84
8585,84
8586,84
8587,84
8588,84
8589,84
8592,84
8593,84
8594,84
8595,84
8596,84
8597,84
8598,84
8599,84
8600,84
8601,84
8602,84
8603,84
8604,84
8605,84
8606,84
8608,84
8610,84
8611,84
8613,84
8614,84
8615,84
8617,84
8618,84
8619,84
8622,84
8623,84
8625,84
8626,84
8629,84
8630,84
8631,84
8632,84
8633,84
8634,84
8635,84
8637,84
8638,84
8639,84
8640,84
8641,84
8642,84
8645,84
8646,84
8650,84
8651,84
8652,84
8654,84
8655,84
8656,84
8657,84
8659,84
8660,84
8661,84
8662,84
8664,84
8665,84
8666,84
8668,84
8669,84
8672,84
8676,84
8677,84
8678,84
8679,84
8681,84
8682,84
8683,84
8684,84
8685,84
8687,84
8689,84
8690,84
8691,84
8692,84
8693,84
8694,84
8697,84
8698,84
8699,84
8701,84
8703,84
8704,84
8706,84
8707,84
8708,84
8709,84
8710,84
8711,84
8712,84
8713,84
8715,84
8716,84
8717,84
8718,84
8719,84
8724,84
8727,84
8728,84
8729,84
8735,84
8736,84
8737,84
8738,84
8740,84
8741,84
8742,84
8743,84
8744,84
8745,84
8746,84
8748,84
8749,84
8750,84
8751,84
8754,84
8757,84
8758,84
8759,84
8760,84
8761,84
8764,84
8765,84
8768,84
8770,84
8771,84
8772,84
8773,84
8774,84
8775,84
8776,84
8777,84
8778,84
8779,84
8780,84
8782,84
8784,84
8785,84
8786,84
8787,84
8789,84
8790,84
8791,84
8792,84
8793,84
8794,84
8795,84
8796,84
8797,84
8799,84
8800,84
8801,84
8802,84
8803,84
8805,84
8806,84
8808,84
8809,84
8810,84
8811,84
8812,84
8814,84
8815,84
8817,84
8819,84
8821,84
8822,84
8823,84
8824,84
8825,84
8826,84
8829,84
8830,84
8834,84
8835,84
8836,84
8837,84
8840,84
8841,84
8842,84
8843,84
8845,84
8846,84
8847,84
8849,84
8850,84
8851,84
8854,84
8855,84
8856,84
8857,84
8859,84
8860,84
8861,84
8862,84
8864,84
8865,84
8866,84
8867,84
8868,84
8869,84
8870,84
8872,84
8873,84
8875,84
8876,84
8877,84
8878,84
8879,84
8882,84
8884,84
8886,84
8888,84
8889,84
8890,84
8892,84
8893,84
8894,84
8895,84
8896,84
8897,84
8899,84
8901,84
8903,84
8905,84
8908,84
8910,84
8911,84
8912,84
8913,84
8914,84
8915,84
8917,84
8920,84
8921,84
8922,84
8924,84
8925,84
8926,84
8928,84
8929,84
8930,84
8932,84
8933,84
8935,84
8936,84
8937,84
8938,84
8939,84
8940,84
8941,84
8942,84
8943,84
8944,84
8945,84
8946,84
8947,84
8948,84
8949,84
8950,84
8951,84
8953,84
8954,84
8955,84
8956,84
8957,84
8958,84
8959,84
8961,84
8962,84
8963,84
8965,84
8966,84
8967,84
8968,84
8969,84
8971,84
8976,84
8977,84
8978,84
8979,84
8980,84
8982,84
8983,84
8984,84
8986,84
8987,84
8988,84
8989,84
8990,84
8991,84
8992,84
8994,84
8995,84
8996,84
8997,84
8998,84
9000,84
9001,84
9006,84
9007,84
9008,84
9009,84
9010,84
9012,84
9014,84
9015,84
9016,84
9017,84
9018,84
9019,84
9020,84
9021,84
9023,84
9024,84
9026,84
9027,84
9028,84
9029,84
9031,84
9032,84
9033,84
9034,84
9035,84
9036,84
9037,84
9040,84
9041,84
9042,84
9043,84
9044,84
9045,84
9047,84
9048,84
9051,84
9052,84
9053,84
9054,84
9055,84
9056,84
9057,84
9058,84
9059,84
9060,84
9061,84
9062,84
9063,84
9064,84
9065,84
9066,84
9067,84
9069,84
9070,84
9071,84
9072,84
9073,84
9074,84
9076,84
9077,84
9081,84
9082,84
9085,84
9086,84
9087,84
9089,84
9090,84
9091,84
9092,84
9093,84
9094,84
9095,84
9096,84
9097,84
9098,84
9100,84
9101,84
9102,84
9103,84
9104,84
9105,84
9106,84
9107,84
9108,84
9111,84
9112,84
9113,84
9115,84
9116,84
9119,84
9120,84
9121,84
9122,84
9124,84
9125,84
9126,84
9127,84
9128,84
9129,84
9130,84
9131,84
9133,84
9135,84
9136,84
9137,84
9139,84
9140,84
9144,84
9145,84
9146,84
9147,84
9148,84
9149,84
9150,84
9152,84
9153,84
9154,84
9155,84
9156,84
9157,84
9158,84
9159,84
9162,84
9163,84
9168,84
9169,84
9170,84
9171,84
9173,84
9174,84
9175,84
9176,84
9178,84
9179,84
9180,84
9181,84
9182,84
9183,84
9184,84
9185,84
9188,84
9189,84
9190,84
9191,84
9192,84
9193,84
9194,84
9195,84
9198,84
9199,84
9200,84
9202,84
9203,84
9204,84
9205,84
9208,84
9209,84
9211,84
9213,84
9214,84
9215,84
9217,84
9218,84
9225,84
9227,84
9228,84
9231,84
9232,84
9233,84
9234,84
9235,84
9236,84
9237,84
9238,84
9239,84
9240,84
9243,84
9244,84
9246,84
9247,84
9248,84
9250,84
9251,84
9252,84
9253,84
9255,84
9256,84
9257,84
9258,84
9259,84
9260,84
9262,84
9263,84
9264,84
9265,84
9266,84
9270,84
9271,84
9272,84
9273,84
9274,84
9275,84
9276,84
9277,84
9278,84
9279,84
9281,84
9282,84
9284,84
9285,84
9287,84
9288,84
9289,84
9291,84
9293,84
9294,84
9295,84
9297,84
9298,84
9299,84
9300,84
9301,84
9303,84
9304,84
9306,84
9307,84
9309,84
9310,84
9311,84
9312,84
9313,84
9314,84
9315,84
9316,84
9317,84
9319,84
9320,84
9321,84
9323,84
9324,84
9326,84
9330,84
9331,84
9332,84
9333,84
9334,84
9335,84
9336,84
9338,84
9339,84
9345,84
9346,84
9347,84
9348,84
9349,84
9351,84
9353,84
9356,84
9357,84
9358,84
9360,84
9361,84
9362,84
9363,84
9364,84
9366,84
9367,84
9368,84
9369,84
9371,84
9373,84
9374,84
9375,84
9376,84
9378,84
9379,84
9380,84
9382,84
9383,84
9384,84
9385,84
9386,84
9388,84
9389,84
9390,84
9391,84
9393,84
9394,84
9395,84
9396,84
9397,84
9399,84
9401,84
9403,84
9404,84
9405,84
9407,84
9408,84
9410,84
9411,84
9413,84
9415,84
9417,84
9418,84
9419,84
9420,84
9421,84
9423,84
9424,84
9425,84
9427,84
9428,84
9429,84
9430,84
9431,84
9432,84
9433,84
9436,84
9438,84
9439,84
9441,84
9442,84
9444,84
9446,84
9447,84
9448,84
9450,84
9458,84
9460,84
9461,84
9462,84
9463,84
9464,84
9466,84
9468,84
9470,84
9471,84
9473,84
9475,84
9476,84
9477,84
9482,84
9483,84
9484,84
9485,84
9487,84
9488,84
9490,84
9492,84
9493,84
9494,84
9495,84
9496,84
9497,84
9498,84
9500,84
9502,84
9503,84
9504,84
9506,84
9507,84
9508,84
9511,84
9514,84
9515,84
9516,84
9518,84
9519,84
9520,84
9521,84
9522,84
9523,84
9524,84
9525,84
9526,84
9527,84
9529,84
9530,84
9531,84
9532,84
9533,84
9534,84
9535,84
9536,84
9537,84
9539,84
9541,84
9543,84
9545,84
9546,84
9547,84
9548,84
9549,84
9552,84
9555,84
9556,84
9557,84
9558,84
9559,84
9563,84
9565,84
9566,84
9567,84
9568,84
9570,84
9571,84
9572,84
9576,84
9578,84
9579,84
9581,84
9583,84
9584,84
9585,84
9586,84
9588,84
9590,84
9592,84
9595,84
9596,84
9598,84
9600,84
9601,84
9602,84
9603,84
9604,84
9605,84
9608,84
9610,84
9611,84
9612,84
9613,84
9616,84
9617,84
9618,84
9619,84
9620,84
9621,84
9624,84
9625,84
9628,84
9630,84
9632,84
9633,84
9634,84
9635,84
9636,84
9638,84
9639,84
9640,84
9641,84
9643,84
9645,84
9646,84
9647,84
9648,84
9649,84
9652,84
9655,84
9656,84
9657,84
9658,84
9660,84
9661,84
9662,84
9663,84
9664,84
9667,84
9668,84
9669,84
9671,84
9672,84
9673,84
9674,84
9675,84
9676,84
9677,84
9678,84
9679,84
9680,84
9681,84
9682,84
9683,84
9684,84
9685,84
9686,84
9687,84
9688,84
9689,84
9690,84
9691,84
9692,84
9693,84
9694,84
9695,84
9697,84
9699,84
9701,84
9702,84
9703,84
9705,84
9706,84
9707,84
9708,84
9709,84
9712,84
9714,84
9716,84
9718,84
9719,84
9720,84
9722,84
9723,84
9726,84
9729,84
9731,84
9732,84
9733,84
9734,84
9736,84
9737,84
9738,84
9739,84
9741,84
9742,84
9744,84
9745,84
9747,84
9748,84
9750,84
9751,84
9752,84
9753,84
9756,84
9757,84
9758,84
9760,84
9761,84
9763,84
9767,84
9770,84
9771,84
9772,84
9773,84
9774,84
9776,84
9777,84
9779,84
9781,84
9782,84
9784,84
9787,84
9788,84
9789,84
9790,84
9791,84
9792,84
9793,84
9794,84
9795,84
9796,84
9797,84
9798,84
9799,84
9800,84
9801,84
9802,84
9803,84
9804,84
9806,84
9808,84
9809,84
9810,84
9811,84
9812,84
9813,84
9815,84
9820,84
9822,84
9823,84
9824,84
9825,84
9826,84
9827,84
9828,84
9829,84
9831,84
9832,84
9833,84
9835,84
9836,84
9843,84
9845,84
9846,84
9848,84
9849,84
9850,84
9851,84
9852,84
9853,84
9854,84
9855,84
9856,84
9857,84
9859,84
9860,84
9861,84
9862,84
9863,84
9864,84
9865,84
9866,84
9867,84
9869,84
9870,84
9871,84
9872,84
9873,84
9875,84
9876,84
9877,84
9878,84
9879,84
9880,84
9883,84
9885,84
9888,84
9889,84
9890,84
9892,84
9893,84
9894,84
9895,84
9896,84
9898,84
9899,84
9900,84
9901,84
9902,84
9905,84
9906,84
9907,84
9908,84
9909,84
9910,84
9911,84
9912,84
9914,84
9915,84
9918,84
9919,84
9920,84
9921,84
9922,84
9923,84
9924,84
9925,84
9927,84
9928,84
9929,84
9931,84
9932,84
9935,84
9936,84
9937,84
9938,84
9940,84
9941,84
9942,84
9944,84
9945,84
9946,84
9947,84
9948,84
9949,84
9950,84
9953,84
9954,84
9955,84
9956,84
9957,84
9958,84
9959,84
9960,84
9961,84
9963,84
9964,84
9966,84
9967,84
9968,84
9969,84
9971,84
9972,84
9973,84
9975,84
9977,84
9979,84
9980,84
9981,84
9985,84
9988,84
9992,84
9993,84
9994,84
9995,84
9997,84
9998,84
10000,84
10001,84
10005,84
10006,84
10007,84
10008,84
10009,84
10011,84
10012,84
10013,84
10015,84
10016,84
10017,84
10018,84
10019,84
10020,84
10021,84
10022,84
10023,84
10026,84
10027,84
10028,84
10029,84
10030,84
10031,84
10032,84
10033,84
10034,84
10035,84
10037,84
10038,84
10039,84
10040,84
10043,84
10045,84
10046,84
10049,84
10050,84
10051,84
10053,84
10054,84
10055,84
10056,84
10057,84
10061,84
10062,84
10063,84
10064,84
10065,84
10066,84
10067,84
10068,84
10069,84
10070,84
10072,84
10073,84
10074,84
10075,84
10076,84
10078,84
10081,84
10082,84
10083,84
10084,84
10085,84
10086,84
10087,84
10088,84
10089,84
10091,84
10092,84
10096,84
10097,84
10098,84
10099,84
10100,84
10101,84
10102,84
10103,84
10104,84
10106,84
10107,84
10108,84
10109,84
10112,84
10113,84
10115,84
10116,84
10117,84
10118,84
10119,84
10121,84
10123,84
10125,84
10126,84
10130,84
10132,84
10133,84
10134,84
10139,84
10140,84
10141,84
10145,84
10146,84
10148,84
10149,84
10150,84
10151,84
10152,84
10153,84
10155,84
10156,84
10157,84
10158,84
10160,84
10162,84
10163,84
10164,84
10165,84
10166,84
10167,84
10168,84
10169,84
10170,84
10171,84
10172,84
10174,84
10175,84
10176,84
10177,84
10178,84
10179,84
10180,84
10182,84
10183,84
10184,84
10185,84
10186,84
10187,84
10188,84
10189,84
10190,84
10191,84
10192,84
10193,84
10195,84
10196,84
10198,84
10199,84
10201,84
10206,84
10207,84
10208,84
10209,84
10210,84
10211,84
10212,84
10213,84
10214,84
10215,84
10217,84
10218,84
10219,84
10220,84
10221,84
10222,84
10223,84
10224,84
10225,84
10226,84
10227,84
10228,84
10229,84
10230,84
10231,84
10232,84
10233,84
10234,84
10235,84
10237,84
10238,84
10239,84
10240,84
10241,84
10242,84
10243,84
10245,84
10246,84
10247,84
10248,84
10251,84
10252,84
10253,84
10254,84
10256,84
10257,84
10259,84
10260,84
10261,84
10262,84
10263,84
10264,84
10265,84
10266,84
10267,84
10268,84
10269,84
10270,84
10271,84
10272,84
10274,84
10275,84
10276,84
10277,84
10278,84
10279,84
10280,84
10282,84
10284,84
10284,102
10285,84
10286,84
10289,84
10290,84
10292,84
10293,84
10295,84
10296,84
10297,84
10299,84
10301,84
10302,84
10304,84
10305,84
10306,84
10307,84
10308,84
10309,84
10310,84
10312,84
10313,84
10314,84
10315,84
10316,84
10317,84
10318,84
10320,84
10321,84
10324,84
10326,84
10328,84
10329,84
10331,84
10332,84
10334,84
10336,84
10337,84
10338,84
10339,84
10340,84
10341,84
10342,84
10343,84
10344,84
10345,84
10346,84
10347,84
10349,84
10350,84
10351,84
10352,84
10355,84
10356,84
10357,84
10358,84
10359,84
10360,84
10362,84
10364,84
10365,84
10367,84
10368,84
10369,84
10370,84
10372,84
10373,84
10375,84
10376,84
10377,84
10378,84
10379,84
10380,84
10381,84
10382,84
10383,84
10384,84
10385,84
10387,84
10388,84
10391,84
10392,84
10393,84
10395,84
10396,84
10397,84
10399,84
10400,84
10401,84
10402,84
10403,84
10405,84
10406,84
10407,84
10408,84
10409,84
10410,84
10411,84
10413,84
10415,84
10416,84
10417,84
10419,84
10420,84
10423,84
10424,84
10426,84
10427,84
10428,84
10430,84
10431,84
10433,84
10434,84
10435,84
10436,84
10438,84
10439,84
10441,84
10442,84
10443,84
10444,84
10445,84
10447,84
10448,84
10451,84
10452,84
10453,84
10454,84
10455,84
10457,84
10459,84
10460,84
10462,84
10463,84
10464,84
10465,84
10466,84
10468,84
10469,84
10470,84
10471,84
10473,84
10476,84
10477,84
10479,84
10480,84
10482,84
10483,84
10484,84
10485,84
10486,84
10487,84
10488,84
10489,84
10491,84
10493,84
10495,84
10497,84
10499,84
10500,84
10501,84
10502,84
10503,84
10504,84
10505,84
10506,84
10507,84
10508,84
10509,84
10511,84
10514,84
10516,84
10517,84
10518,84
10519,84
10521,84
10522,84
10525,84
10526,84
10528,84
10530,84
10533,84
10535,84
10537,84
10538,84
10539,84
10540,84
10541,84
10542,84
10543,84
10544,84
10545,84
10546,84
10548,84
10550,84
10551,84
10552,84
10553,84
10554,84
10556,84
10557,84
10558,84
10559,84
10560,84
10561,84
10562,84
10565,84
10566,84
10567,84
10568,84
10570,84
10571,84
10572,84
10573,84
10574,84
10575,84
10577,84
10578,84
10579,84
10581,84
10590,84
10591,84
10593,84
10594,84
10595,84
10598,84
10599,84
10600,84
10601,84
10602,84
10603,84
10604,84
10606,84
10607,84
10608,84
10609,84
10610,84
10611,84
10612,84
10613,84
10614,84
10616,84
10618,84
10619,84
10620,84
10621,84
10622,84
10623,84
10625,84
10626,84
10627,84
10632,84
10634,84
10635,84
10636,84
10637,84
10639,84
10640,84
10641,84
10643,84
10644,84
10645,84
10646,84
10647,84
10648,84
10649,84
10650,84
10651,84
10652,84
10653,84
10654,84
10655,84
10656,84
10658,84
10660,84
10661,84
10662,84
10663,84
10665,84
10667,84
10668,84
10670,84
10672,84
10673,84
10674,84
10676,84
10677,84
10678,84
10679,84
10680,84
10681,84
10682,84
10686,84
10687,84
10688,84
10690,84
10691,84
10692,84
10693,84
10694,84
10695,84
10696,84
10698,84
10699,84
10700,84
10701,84
10702,84
10703,84
10704,84
10706,84
10707,84
10709,84
10712,84
10713,84
10718,84
10719,84
10720,84
10722,84
10723,84
10724,84
10725,84
10726,84
10727,84
10731,84
10732,84
10733,84
10734,84
10735,84
10736,84
10737,84
10738,84
10740,84
10741,84
10742,84
10743,84
10746,84
10747,84
10748,84
10750,84
10751,84
10753,84
10754,84
10757,84
10759,84
10760,84
10761,84
10762,84
10764,84
10765,84
10766,84
10767,84
10768,84
10769,84
10770,84
10771,84
10773,84
10775,84
10776,84
10777,84
10778,84
10779,84
10780,84
10782,84
10784,84
10785,84
10786,84
10787,84
10789,84
10790,84
10791,84
10792,84
10793,84
10794,84
10795,84
10796,84
10797,84
10801,84
10802,84
10803,84
10804,84
10805,84
10807,84
10808,84
10809,84
10811,84
10812,84
10813,84
10815,84
10816,84
10817,84
10819,84
10820,84
10822,84
10823,84
10825,84
10826,84
10828,84
10829,84
10830,84
10831,84
10833,84
10834,84
10835,84
10836,84
10837,84
10838,84
10840,84
10843,84
10844,84
10847,84
10849,84
10850,84
10851,84
10852,84
10854,84
10856,84
10857,84
10859,84
10862,84
10863,84
10864,84
10865,84
10866,84
10867,84
10868,84
10869,84
10870,84
10872,84
10874,84
10875,84
10876,84
10877,84
10879,84
10880,84
10882,84
10885,84
10887,84
10888,84
10889,84
10893,84
10894,84
10895,84
10896,84
10897,84
10900,84
10903,84
10905,84
10906,84
10908,84
10909,84
10911,84
10912,84
10914,84
10915,84
10916,84
10917,84
10918,84
10919,84
10920,84
10921,84
10922,84
10923,84
10924,84
10925,84
10927,84
10929,84
10930,84
10932,84
10934,84
10936,84
10937,84
10940,84
10943,84
10944,84
10946,84
10948,84
10951,84
10952,84
10954,84
10957,84
10958,84
10959,84
10960,84
10961,84
10962,84
10963,84
10967,84
10968,84
10971,84
10972,84
10973,84
10974,84
10975,84
10976,84
10978,84
10979,84
10995,84
10996,84
10997,84
10998,84
10999,84
11000,84
11001,84
11002,84
11005,84
11006,84
11007,84
11011,84
11012,84
11013,84
11014,84
11018,84
11020,84
11021,84
11023,84
11024,84
11025,84
11026,84
11027,84
11028,84
11029,84
11036,84
11037,84
11038,84
11044,84
11045,84
11046,84
11048,84
11050,84
11051,84
11055,84
11056,84
11057,84
11061,84
11062,84
11063,84
11066,84
11067,84
11068,84
11071,84
11073,84
11075,84
11077,84
11078,84
11079,84
11081,84
11083,84
11085,84
11086,84
11087,84
11092,84
11093,84
11094,84
11097,84
11098,84
11102,84
11103,84
11108,84
11109,84
11112,84
11114,84
11115,84
11116,84
11123,84
11124,84
11125,84
11126,84
11127,84
11128,84
11131,84
11134,84
11135,84
11138,84
11139,84
11140,84
11142,84
11144,84
11145,84
11146,84
11147,84
11148,84
11149,84
11151,84
11152,84
11153,84
11156,84
11158,84
11159,84
11162,84
11163,84
11164,84
11165,84
11166,84
11167,84
11168,84
11169,84
11170,84
11171,84
11173,84
11174,84
11175,84
11176,84
11178,84
11180,84
11182,84
11185,84
11186,84
11187,84
11188,84
11189,84
11192,84
11193,84
11194,84
11195,84
11196,84
11198,84
11199,84
11200,84
11201,84
11202,84
11203,84
11203,113
11204,84
11206,84
11207,84
11208,84
11209,84
11210,84
11211,84
11212,84
11213,84
11214,84
11215,84
11216,84
11217,84
11218,84
11219,84
11220,84
11222,84
11224,84
11226,84
11229,84
11230,84
11231,84
11232,84
11233,84
11234,84
11235,84
11237,84
11242,84
11243,84
11244,84
11245,84
11246,84
11248,84
11249,84
11250,84
11251,84
11253,84
11254,84
11255,84
11256,84
11258,84
11259,84
11261,84
11264,84
11265,84
11266,84
11269,84
11272,84
11273,84
11274,84
11275,84
11276,84
11278,84
11279,84
11280,84
11281,84
11282,84
11285,84
11286,84
11288,84
11289,84
11290,84
11292,84
11293,84
11294,84
11297,84
11301,84
11302,84
11303,84
11304,84
11309,84
11310,84
11311,84
11312,84
11314,84
11315,84
11316,84
11317,84
11318,84
11319,84
11320,84
11321,84
11322,84
11323,84
11324,84
11327,84
11328,84
11329,84
11330,84
11331,84
11332,84
11335,84
11337,84
11338,84
11341,84
11344,84
11345,84
11346,84
11351,84
11353,84
11354,84
11355,84
11356,84
11357,84
11358,84
11359,84
11360,84
11361,84
11362,84
11363,84
11364,84
11369,84
11371,84
11373,84
11374,84
11375,84
11376,84
11377,84
11378,84
11379,84
11382,84
11386,84
11388,84
11389,84
11391,84
11393,84
11395,84
11397,84
11398,84
11400,84
11401,84
11402,84
11403,84
11404,84
11405,84
11406,84
11409,84
11411,84
11412,84
11413,84
11415,84
11416,84
11418,84
11419,84
11420,84
11421,84
11425,84
11426,84
11427,84
11428,84
11430,84
11432,84
11433,84
11434,84
11435,84
11436,84
11437,84
11438,84
11439,84
11440,84
11441,84
11442,84
11447,84
11449,84
11451,84
11454,84
11455,84
11456,84
11460,84
11461,84
11463,84
11464,84
11468,84
11471,84
11472,84
11474,84
11475,84
11476,84
11480,84
11481,84
11483,84
11486,84
11487,84
11489,84
11490,84
11491,84
11492,84
11500,84
11501,84
11502,84
11505,84
11506,84
11507,84
11509,84
11510,84
11511,84
11513,84
11515,84
11516,84
11517,84
11518,84
11519,84
11520,84
11521,84
11524,84
11525,84
11526,84
11527,84
11528,84
11529,84
11531,84
11532,84
11533,84
11534,84
11535,84
11536,84
11537,84
11538,84
11539,84
11540,84
11541,84
11543,84
11545,84
11547,84
11548,84
11549,84
11550,84
11551,84
11552,84
11553,84
11556,84
11557,84
11558,84
11560,84
11561,84
11562,84
11563,84
11564,84
11566,84
11567,84
11568,84
11569,84
11570,84
11571,84
11572,84
11574,84
11576,84
11577,84
11578,84
11579,84
11581,84
11583,84
11584,84
11586,84
11587,84
11588,84
11589,84
11590,84
11591,84
11592,84
11594,84
11598,84
11599,84
11600,84
11604,84
11605,84
11606,84
11608,84
11609,84
11610,84
11611,84
11612,84
11613,84
11614,84
11616,84
11618,84
11620,84
11623,84
11624,84
11626,84
11627,84
11628,84
11630,84
11632,84
11634,84
11635,84
11638,84
11640,84
11641,84
11642,84
11643,84
11644,84
11645,84
11646,84
11649,84
11651,84
11652,84
11653,84
11654,84
11655,84
11656,84
11659,84
11660,84
11661,84
11662,84
11663,84
11664,84
11665,84
11666,84
11668,84
11669,84
11670,84
11671,84
11673,84
11674,84
11675,84
11676,84
11678,84
11679,84
11680,84
11681,84
11682,84
11683,84
11684,84
11685,84
11686,84
11689,84
11690,84
11693,84
11694,84
11695,84
11698,84
11699,84
11700,84
11702,84
11703,84
11705,84
11706,84
11709,84
11710,84
11712,84
11714,84
11715,84
11716,84
11717,84
11718,84
11719,84
11721,84
11722,84
11725,84
11726,84
11728,84
11729,84
11730,84
11733,84
11734,84
11737,84
11738,84
11739,84
11741,84
11742,84
11743,84
11744,84
11745,84
11746,84
11747,84
11749,84
11750,84
11751,84
11752,84
11753,84
11755,84
11756,84
11759,84
11760,84
11761,84
11762,84
11763,84
11764,84
11768,84
11769,84
11771,84
11772,84
11775,84
11777,84
11783,84
11784,84
11785,84
11786,84
11787,84
11788,84
11790,84
11791,84
11792,84
11793,84
11796,84
11797,84
11798,84
11801,84
11803,84
11804,84
11805,84
11807,84
11809,84
11810,84
11811,84
11812,84
11813,84
11814,84
11816,84
11817,84
11818,84
11819,84
11820,84
11822,84
11823,84
11824,84
11825,84
11826,84
11827,84
11830,84
11831,84
11832,84
11833,84
11834,84
11835,84
11836,84
11837,84
11838,84
11841,84
11842,84
11844,84
11845,84
11846,84
11848,84
11849,84
11850,84
11851,84
11852,84
11853,84
11856,84
11859,84
11860,84
11863,84
11864,84
11865,84
11866,84
11867,84
11868,84
11869,84
11870,84
11871,84
11872,84
11873,84
11874,84
11875,84
11882,84
11883,84
11886,84
11887,84
11888,84
11889,84
11891,84
11892,84
11893,84
11894,84
11895,84
11896,84
11898,84
11899,84
11900,84
11901,84
11902,84
11903,84
11904,84
11905,84
11906,84
11907,84
11908,84
11909,84
11910,84
11911,84
11913,84
11914,84
11916,84
11917,84
11919,84
11921,84
11922,84
11923,84
11924,84
11925,84
11926,84
11927,84
11928,84
11930,84
11931,84
11935,84
11936,84
11937,84
11938,84
11940,84
11941,84
11942,84
11943,84
11945,84
11946,84
11947,84
11948,84
11949,84
11950,84
11951,84
11952,84
11953,84
11954,84
11956,84
11957,84
11958,84
11961,84
11962,84
11963,84
11964,84
11965,84
11967,84
11968,84
11969,84
11970,84
11971,84
11972,84
11973,84
11974,84
11975,84
11976,84
11977,84
11978,84
11979,84
11981,84
11982,84
11983,84
11984,84
11986,84
11987,84
11988,84
11989,84
11991,84
11992,84
11995,84
11997,84
11998,84
11999,84
12000,84
12001,84
12002,84
12003,84
12004,84
12005,84
12007,84
12011,84
12012,84
12014,84
12016,84
12017,84
12018,84
12019,84
12020,84
12022,84
12023,84
12024,84
12025,84
12026,84
12027,84
12028,84
12029,84
12030,84
12031,84
12032,84
12034,84
12035,84
12036,84
12037,84
12038,84
12039,84
12040,84
12041,84
12043,84
12044,84
12045,84
12046,84
12048,84
12049,84
12050,84
12052,84
12053,84
12055,84
12059,84
12060,84
12061,84
12062,84
12064,84
12065,84
12067,84
12070,84
12073,84
12074,84
12075,84
12076,84
12077,84
12079,84
12082,84
12083,84
12087,84
12089,84
12090,84
12091,84
12092,84
12093,84
12095,84
12096,84
12098,84
12101,84
12102,84
12107,84
12109,84
12110,84
12111,84
12113,84
12115,84
12117,84
12119,84
12120,84
12121,84
12124,84
12125,84
12126,84
12129,84
12130,84
12131,84
12134,84
12137,84
12139,84
12142,84
12143,84
12144,84
12145,84
12146,84
12147,84
12148,84
12149,84
12150,84
12151,84
12152,84
12153,84
12155,84
12156,84
12157,84
12158,84
12159,84
12160,84
12161,84
12162,84
12163,84
12164,84
12165,84
12166,84
12167,84
12169,84
12170,84
12172,84
12173,84
12176,84
12177,84
12181,84
12182,84
12183,84
12185,84
12187,84
12188,84
12190,84
12191,84
12192,84
12193,84
12194,84
12196,84
12197,84
12198,84
12199,84
12200,84
12201,84
12202,84
12204,84
12206,84
12210,84
12211,84
12212,84
12213,84
12214,84
12215,84
12218,84
12219,84
12220,84
12221,84
12222,84
12223,84
12226,84
12227,84
12228,84
12229,84
12230,84
12232,84
12233,84
12234,84
12235,84
12236,84
12237,84
12238,84
12239,84
12240,84
12241,84
12243,84
12244,84
12246,84
12248,84
12250,84
12251,84
12252,84
12253,84
12254,84
12255,84
12256,84
12257,84
12259,84
12261,84
12262,84
12264,84
12265,84
12267,84
12271,84
12272,84
12275,84
12276,84
12277,84
12278,84
12280,84
12281,84
12284,84
12287,84
12289,84
12292,84
12293,84
12294,84
12295,84
12296,84
12297,84
12298,84
12299,84
12300,84
12301,84
12302,84
12305,84
12306,84
12308,84
12309,84
12311,84
12313,84
12316,84
12318,84
12320,84
12321,84
12322,84
12323,84
12324,84
12325,84
12326,84
12328,84
12329,84
12332,84
12333,84
12334,84
12336,84
12340,84
12342,84
12343,84
12345,84
12347,84
12348,84
12349,84
12351,84
12352,84
12353,84
12354,84
12356,84
12358,84
12359,84
12360,84
12361,84
12363,84
12364,84
12366,84
12367,84
12368,84
12369,84
12371,84
12372,84
12373,84
12374,84
12375,84
12376,84
12377,84
12378,84
12379,84
12380,84
12381,84
12382,84
12384,84
12385,84
12386,84
12387,84
12389,84
12390,84
12391,84
12392,84
12393,84
12394,84
12395,84
12396,84
12398,84
12400,84
12402,84
12403,84
12404,84
12406,84
12407,84
12408,84
12409,84
12410,84
12411,84
12412,84
12414,84
12415,84
12418,84
12419,84
12421,84
12424,84
12425,84
12426,84
12427,84
12428,84
12429,84
12432,84
12433,84
12434,84
12435,84
12436,84
12437,84
12438,84
12439,84
12441,84
12443,84
12444,84
12445,84
12446,84
12449,84
12452,84
12454,84
12456,84
12457,84
12458,84
12459,84
12460,84
12462,84
12464,84
12465,84
12467,84
12469,84
12470,84
12474,84
12478,84
12480,84
12481,84
12482,84
12483,84
12484,84
12485,84
12486,84
12487,84
12489,84
12491,84
12494,84
12495,84
12497,84
12498,84
12500,84
12501,84
12502,84
12503,84
12504,84
12505,84
12506,84
12509,84
12510,84
12512,84
12514,84
12515,84
12518,84
12519,84
12520,84
12522,84
12526,84
12527,84
12528,84
12529,84
12530,84
12533,84
12535,84
12536,84
12537,84
12538,84
12539,84
12540,84
12541,84
12542,84
12544,84
12547,84
12549,84
12552,84
12553,84
12554,84
12555,84
12556,84
12557,84
12558,84
12560,84
12562,84
12563,84
12564,84
12566,84
12567,84
12569,84
12570,84
12572,84
12574,84
12575,84
12576,84
12577,84
12578,84
12579,84
12582,84
12583,84
12584,84
12587,84
12589,84
12590,84
12591,84
12592,84
12593,84
12594,84
12595,84
12597,84
12600,84
12603,84
12606,84
12608,84
12610,84
12611,84
12612,84
12613,84
12614,84
12615,84
12618,84
12620,84
12621,84
12622,84
12623,84
12628,84
12629,84
12630,84
12631,84
12632,84
12633,84
12635,84
12636,84
12638,84
12639,84
12642,84
12645,84
12651,84
12652,84
12653,84
12654,84
12655,84
12656,84
12657,84
12658,84
12659,84
12661,84
12663,84
12664,84
12665,84
12666,84
12667,84
12669,84
12670,84
12671,84
12672,84
12673,84
12675,84
12676,84
12677,84
12678,84
12679,84
12681,84
12682,84
12683,84
12685,84
12687,84
12690,84
12691,84
12692,84
12693,84
12694,84
12695,84
12696,84
12699,84
12703,84
12705,84
12707,84
12709,84
12712,84
12713,84
12715,84
12716,84
12717,84
12718,84
12719,84
12720,84
12722,84
12724,84
12726,84
12729,84
12734,84
12737,84
12740,84
12741,84
12742,84
12743,84
12747,84
12749,84
12750,84
12751,84
12752,84
12753,84
12754,84
12755,84
12756,84
12757,84
12759,84
12760,84
12763,84
12765,84
12766,84
12767,84
12770,84
12772,84
12773,84
12778,84
12779,84
12782,84
12783,84
12784,84
12787,84
12790,84
12791,84
12792,84
12793,84
12794,84
12798,84
12799,84
12800,84
12802,84
12803,84
12805,84
12806,84
12807,84
12808,84
12811,84
12812,84
12813,84
12814,84
12815,84
12816,84
12817,84
12818,84
12818,119
12819,84
12820,84
12821,84
12822,84
12823,84
12824,84
12828,84
12830,84
12831,84
12832,84
12837,84
12840,84
12844,84
12845,84
12846,84
12847,84
12848,84
12849,84
12850,84
12852,84
12854,84
12855,84
12856,84
12857,84
12858,84
12859,84
12860,84
12861,84
12863,84
12864,84
12865,84
12867,84
12869,84
12870,84
12871,84
12872,84
12873,84
12874,84
12881,84
12882,84
12883,84
12884,84
12888,84
12890,84
12891,84
12892,84
12893,84
12894,84
12895,84
12897,84
12898,84
12899,84
12900,84
12901,84
12902,84
12903,84
12904,84
12905,84
12906,84
12907,84
12909,84
12910,84
12911,84
12916,84
12919,84
12922,84
12924,84
12925,84
12926,84
12928,84
12929,84
12932,84
12935,84
12936,84
12937,84
12938,84
12939,84
12941,84
12944,84
12946,84
12947,84
12948,84
12949,84
12950,84
12951,84
12952,84
12953,84
12954,84
12955,84
12962,84
12963,84
12964,84
12965,84
12967,84
12968,84
12969,84
12970,84
12971,84
12973,84
12974,84
12976,84
12977,84
12979,84
12981,84
12983,84
12986,84
12987,84
12989,84
12991,84
12994,84
12995,84
12997,84
12999,84
13000,84
13001,84
13002,84
13004,84
13006,84
13007,84
13009,84
13010,84
13011,84
13012,84
13015,84
13016,84
13017,84
13018,84
13020,84
13021,84
13023,84
13025,84
13026,84
13029,84
13031,84
13033,84
13036,84
13037,84
13038,84
13039,84
13041,84
13042,84
13044,84
13045,84
13046,84
13047,84
13048,84
13049,84
13050,84
13051,84
13053,84
13054,84
13055,84
13056,84
13057,84
13058,84
13059,84
13060,84
13061,84
13064,84
13065,84
13068,84
13069,84
13070,84
13071,84
13072,84
13074,84
13075,84
13078,84
13079,84
13082,84
13084,84
13085,84
13086,84
13088,84
13089,84
13090,84
13091,84
13092,84
13095,84
13096,84
13098,84
13099,84
13100,84
13102,84
13104,84
13105,84
13108,84
13110,84
13111,84
13114,84
13118,84
13121,84
13122,84
13123,84
13124,84
13125,84
13126,84
13128,84
13129,84
13132,84
13133,84
13134,84
13135,84
13136,84
13137,84
13139,84
13140,84
13141,84
13142,84
13145,84
13146,84
13148,84
13149,84
13150,84
13151,84
13152,84
13153,84
13154,84
13155,84
13156,84
13160,84
13162,84
13165,84
13166,84
13168,84
13169,84
13170,84
13171,84
13172,84
13173,84
13175,84
13176,84
13179,84
13182,84
13183,84
13186,84
13188,84
13189,84
13193,84
13194,84
13197,84
13198,84
13199,84
13200,84
13201,84
13204,84
13210,84
13212,84
13214,84
13215,84
13216,84
13217,84
13218,84
13219,84
13224,84
13225,84
13226,84
13229,84
13232,84
13233,84
13235,84
13236,84
13238,84
13239,84
13240,84
13241,84
13242,84
13243,84
13244,84
13245,84
13246,84
13248,84
13251,84
13252,84
13253,84
13254,84
13255,84
13257,84
13258,84
13263,84
13267,84
13268,84
13269,84
13270,84
13271,84
13273,84
13275,84
13277,84
13278,84
13279,84
13280,84
13281,84
13282,84
13284,84
13285,84
13286,84
13287,84
13288,84
13289,84
13290,84
13291,84
13293,84
13294,84
13295,84
13296,84
13297,84
13299,84
13302,84
13303,84
13304,84
13305,84
13306,84
13308,84
13309,84
13310,84
13311,84
13312,84
13313,84
13314,84
13315,84
13316,84
13318,84
13319,84
13320,84
13321,84
13322,84
13323,84
13324,84
13325,84
13326,84
13327,84
13329,84
13330,84
13331,84
13334,84
13335,84
13337,84
13338,84
13339,84
13340,84
13341,84
13342,84
13345,84
13347,84
13348,84
13350,84
13351,84
13352,84
13353,84
13358,84
13359,84
13361,84
13362,84
13364,84
13366,84
13367,84
13368,84
13369,84
13370,84
13371,84
13372,84
13373,84
13374,84
13377,84
13378,84
13379,84
13380,84
13382,84
13383,84
13384,84
13385,84
13386,84
13387,84
13388,84
13389,84
13393,84
13395,84
13397,84
13398,84
13399,84
13400,84
13401,84
13402,84
13403,84
13404,84
13406,84
13407,84
13408,84
13409,84
13411,84
13412,84
13413,84
13415,84
13416,84
13418,84
13419,84
13420,84
13421,84
13422,84
13423,84
13424,84
13425,84
13426,84
13427,84
13428,84
13429,84
13431,84
13432,84
13433,84
13435,84
13436,84
13437,84
13438,84
13439,84
13440,84
13441,84
13442,84
13443,84
13445,84
13446,84
13447,84
13448,84
13449,84
13450,84
13452,84
13453,84
13454,84
13455,84
13456,84
13457,84
13458,84
13459,84
13461,84
13462,84
13463,84
13465,84
13467,84
13468,84
13471,84
13472,84
13473,84
13474,84
13474,119
13475,84
13476,84
13477,84
13478,84
13479,84
13480,84
13481,84
13484,84
13485,84
13488,84
13489,84
13490,84
13491,84
13493,84
13495,84
13497,84
13498,84
13500,84
13501,84
13504,84
13505,84
13507,84
13508,84
13509,84
13512,84
13513,84
13514,84
13519,84
13520,84
13521,84
13523,84
13524,84
13527,84
13528,84
13529,84
13530,84
13531,84
13532,84
13533,84
13534,84
13535,84
13536,84
13537,84
13538,84
13539,84
13540,84
13541,84
13542,84
13543,84
13544,84
13546,84
13547,84
13549,84
13550,84
13551,84
13552,84
13553,84
13554,84
13555,84
13556,84
13557,84
13558,84
13559,84
13561,84
13562,84
13563,84
13567,84
13568,84
13570,84
13572,84
13574,84
13575,84
13576,84
13577,84
13579,84
13581,84
13584,84
13586,84
13587,84
13588,84
13589,84
13591,84
13593,84
13594,84
13597,84
13598,84
13599,84
13600,84
13603,84
13608,84
13612,84
13613,84
13614,84
13615,84
13616,84
13617,84
13619,84
13621,84
13622,84
13623,84
13624,84
13625,84
13626,84
13628,84
13629,84
13630,84
13631,84
13632,84
13633,84
13635,84
13636,84
13640,84
13641,84
13644,84
13645,84
13648,84
13650,84
13651,84
13652,84
13654,84
13655,84
13656,84
13658,84
13659,84
13662,84
13664,84
13665,84
13666,84
13667,84
13668,84
13669,84
13670,84
13671,84
13673,84
13674,84
13675,84
13676,84
13677,84
13678,84
13679,84
13680,84
13681,84
13682,84
13683,84
13684,84
13685,84
13686,84
13687,84
13689,84
13691,84
13693,84
13695,84
13696,84
13698,84
13699,84
13700,84
13701,84
13702,84
13703,84
13704,84
13705,84
13706,84
13707,84
13708,84
13710,84
13711,84
13712,84
13714,84
13715,84
13716,84
13717,84
13719,84
13720,84
13721,84
13724,84
13725,84
13726,84
13727,84
13728,84
13729,84
13730,84
13731,84
13733,84
13735,84
13736,84
13737,84
13738,84
13739,84
13740,84
13741,84
13742,84
13743,84
13744,84
13746,84
13748,84
13749,84
13750,84
13751,84
13753,84
13754,84
13755,84
13757,84
13759,84
13760,84
13761,84
13762,84
13763,84
13766,84
13767,84
13770,84
13771,84
13773,84
13774,84
13775,84
13776,84
13777,84
13778,84
13779,84
13781,84
13782,84
13783,84
13784,84
13785,84
13786,84
13787,84
13788,84
13789,84
13790,84
13791,84
13794,84
13796,84
13797,84
13799,84
13800,84
13801,84
13802,84
13803,84
13805,84
13806,84
13807,84
13809,84
13810,84
13812,84
13813,84
13814,84
13815,84
13816,84
13817,84
13818,84
13819,84
13820,84
13821,84
13822,84
13823,84
13824,84
13825,84
13826,84
13827,84
13828,84
13829,84
13830,84
13831,84
13832,84
13833,84
13834,84
13836,84
13838,84
13840,84
13841,84
13842,84
13844,84
13847,84
13848,84
13849,84
13851,84
13853,84
13854,84
13857,84
13858,84
13859,84
13861,84
13862,84
13864,84
13865,84
13866,84
13868,84
13869,84
13870,84
13871,84
13872,84
13873,84
13874,84
13875,84
13876,84
13877,84
13878,84
13879,84
13880,84
13882,84
13883,84
13884,84
13885,84
13886,84
13887,84
13890,84
13891,84
13892,84
13896,84
13900,84
13903,84
13905,84
13906,84
13907,84
13909,84
13910,84
13911,84
13912,84
13914,84
13916,84
13918,84
13920,84
13921,84
13922,84
13924,84
13925,84
13926,84
13928,84
13929,84
13930,84
13931,84
13932,84
13934,84
13935,84
13936,84
13937,84
13940,84
13941,84
13942,84
13943,84
13944,84
13945,84
13946,84
13948,84
13949,84
13952,84
13953,84
13954,84
13955,84
13956,84
13958,84
13960,84
13961,84
13962,84
13964,84
13966,84
13967,84
13968,84
13970,84
13971,84
13974,84
13976,84
13977,84
13978,84
13979,84
13980,84
13981,84
13983,84
13984,84
13985,84
13986,84
13988,84
13990,84
13991,84
13992,84
13993,84
13994,84
13995,84
13996,84
13997,84
13998,84
14003,84
14004,84
14006,84
14007,84
14008,84
14009,84
14010,84
14014,84
14016,84
14017,84
14019,84
14020,84
14020,194
14022,84
14023,84
14024,84
14025,84
14026,84
14027,84
14029,84
14030,84
14032,84
14033,84
14034,84
14035,84
14036,84
14037,84
14038,84
14040,84
14041,84
14042,84
14043,84
14044,84
14045,84
14046,84
14047,84
14048,84
14050,84
14051,84
14052,84
14053,84
14054,84
14055,84
14057,84
14058,84
14059,84
14060,84
14061,84
14064,84
14065,84
14066,84
14071,84
14072,84
14074,84
14075,84
14079,84
14080,84
14081,84
14083,84
14085,84
14086,84
14087,84
14088,84
14089,84
14092,84
14093,84
14094,84
14095,84
14096,84
14097,84
14100,84
14101,84
14102,84
14104,84
14105,84
14106,84
14107,84
14108,84
14109,84
14110,84
14112,84
14113,84
14116,84
14117,84
14118,84
14120,84
14121,84
14123,84
14124,84
14125,84
14126,84
14128,84
14130,84
14131,84
14132,84
14133,84
14134,84
14135,84
14138,84
14139,84
14141,84
14142,84
14147,84
14148,84
14151,84
14154,84
14155,84
14156,84
14157,84
14158,84
14161,84
14163,84
14165,84
14166,84
14167,84
14168,84
14171,84
14173,84
14175,84
14176,84
14177,84
14178,84
14180,84
14181,84
14182,84
14183,84
14184,84
14185,84
14186,84
14187,84
14188,84
14189,84
14191,84
14192,84
14193,84
14195,84
14197,84
14198,84
14201,84
14202,84
14204,84
14205,84
14206,84
14207,84
14208,84
14209,84
14210,84
14212,84
14216,84
14217,84
14220,84
14222,84
14226,84
14227,84
14230,84
14231,84
14233,84
14234,84
14235,84
14236,84
14237,84
14238,84
14242,84
14243,84
14245,84
14246,84
14247,84
14251,84
14253,84
14256,84
14257,84
14258,84
14259,84
14260,84
14263,84
14264,84
14265,84
14266,84
14270,84
14271,84
14272,84
14275,84
14276,84
14277,84
14281,84
14282,84
14283,84
14284,84
14285,84
14286,84
14287,84
14288,84
14292,84
14293,84
14294,84
14295,84
14297,84
14298,84
14299,84
14300,84
14301,84
14302,84
14303,84
14306,84
14315,84
14316,84
14318,84
14320,84
14321,84
14323,84
14325,84
14327,84
14328,84
14329,84
14331,84
14332,84
14333,84
14337,84
14338,84
14339,84
14340,84
14341,84
14342,84
14343,84
14344,84
14345,84
14346,84
14347,84
14348,84
14355,84
14356,84
14360,84
14362,84
14363,84
14364,84
14365,84
14367,84
14368,84
14369,84
14370,84
14372,84
14373,84
14374,84
14376,84
14377,84
14380,84
14382,84
14383,84
14384,84
14387,84
14388,84
14390,84
14392,84
14393,84
14394,84
14395,84
14396,84
14397,84
14398,84
14400,84
14401,84
14403,84
14404,84
14406,84
14407,84
14408,84
14409,84
14410,84
14411,84
14412,84
14413,84
14414,84
14417,84
14419,84
14420,84
14421,84
14422,84
14423,84
14424,84
14425,84
14427,84
14430,84
14431,84
14432,84
14433,84
14435,84
14437,84
14438,84
14441,84
14442,84
14444,84
14445,84
14447,84
14448,84
14449,84
14450,84
14451,84
14452,84
14453,84
14454,84
14456,84
14457,84
14459,84
14460,84
14464,84
14465,84
14468,84
14469,84
14470,84
14471,84
14472,84
14473,84
14474,84
14475,84
14477,84
14478,84
14479,84
14480,84
14481,84
14482,84
14483,84
14484,84
14486,84
14487,84
14489,84
14491,84
14492,84
14493,84
14494,84
14496,84
14497,84
14499,84
14504,84
14505,84
14507,84
14508,84
14509,84
14510,84
14512,84
14515,84
14517,84
14518,84
14519,84
14520,84
14522,84
14523,84
14524,84
14525,84
14528,84
14531,84
14532,84
14534,84
14535,84
14536,84
14537,84
14538,84
14539,84
14540,84
14541,84
14542,84
14543,84
14544,84
14545,84
14546,84
14547,84
14548,84
14549,84
14551,84
14552,84
14553,84
14554,84
14555,84
14556,84
14560,84
14561,84
14562,84
14563,84
14564,84
14565,84
14566,84
14567,84
14568,84
14569,84
14572,84
14573,84
14574,84
14576,84
14577,84
14578,84
14579,84
14580,84
14581,84
14583,84
14585,84
14586,84
14588,84
14589,84
14592,84
14596,84
14598,84
14600,84
14601,84
14604,84
14605,84
14606,84
14607,84
14612,84
14613,84
14615,84
14616,84
14617,84
14618,84
14620,84
14621,84
14622,84
14623,84
14624,84
14625,84
14626,84
14627,84
14628,84
14629,84
14633,84
14634,84
14636,84
14638,84
14639,84
14640,84
14641,84
14642,84
14643,84
14644,84
14645,84
14646,84
14646,306
14647,84
14649,84
14650,84
14651,84
14652,84
14654,84
14657,84
14658,84
14659,84
14660,84
14661,84
14663,84
14664,84
14665,84
14666,84
14667,84
14668,84
14669,84
14670,84
14671,84
14672,84
14673,84
14674,84
14675,84
14676,84
14679,84
14680,84
14681,84
14682,84
14684,84
14685,84
14686,84
14689,84
14691,84
14693,84
14694,84
14700,84
14703,84
14704,84
14705,84
14706,84
14707,84
14708,84
14710,84
14711,84
14712,84
14714,84
14716,84
14717,84
14718,84
14720,84
14721,84
14723,84
14725,84
14726,84
14727,84
14728,84
14730,84
14732,84
14734,84
14736,84
14737,84
14738,84
14739,84
14740,84
14743,84
14744,84
14746,84
14747,84
14748,84
14749,84
14750,84
14753,84
14754,84
14756,84
14758,84
14759,84
14761,84
14762,84
14763,84
14764,84
14765,84
14766,84
14767,84
14770,84
14771,84
14772,84
14773,84
14775,84
14777,84
14779,84
14781,84
14782,84
14783,84
14784,84
14785,84
14786,84
14791,84
14792,84
14793,84
14794,84
14795,84
14799,84
14801,84
14802,84
14803,84
14805,84
14807,84
14808,84
14809,84
14811,84
14812,84
14814,84
14815,84
14816,84
14817,84
14818,84
14819,84
14821,84
14822,84
14823,84
14824,84
14826,84
14827,84
14830,84
14831,84
14834,84
14836,84
14837,84
14840,84
14842,84
14843,84
14844,84
14846,84
14847,84
14850,84
14851,84
14852,84
14853,84
14854,84
14855,84
14856,84
14857,84
14859,84
14860,84
14861,84
14862,84
14863,84
14866,84
14867,84
14868,84
14871,84
14872,84
14873,84
14874,84
14876,84
14877,84
14878,84
14880,84
14881,84
14882,84
14883,84
14884,84
14885,84
14887,84
14889,84
14890,84
14891,84
14892,84
14894,84
14895,84
14896,84
14898,84
14899,84
14902,84
14903,84
14904,84
14905,84
14906,84
14908,84
14910,84
14911,84
14912,84
14914,84
14915,84
14916,84
14917,84
14920,84
14921,84
14923,84
14924,84
14925,84
14926,84
14929,84
14930,84
14934,84
14935,84
14937,84
14938,84
14939,84
14940,84
14942,84
14943,84
14946,84
14947,84
14948,84
14950,84
14952,84
14954,84
14956,84
14957,84
14959,84
14961,84
14962,84
14963,84
14964,84
14965,84
14966,84
14967,84
14970,84
14971,84
14973,84
14974,84
14975,84
14977,84
14979,84
14980,84
14981,84
14982,84
14983,84
14984,84
14985,84
14986,84
14987,84
14988,84
14989,84
14992,84
14994,84
14997,84
14998,84
15000,84
15001,84
15003,84
15004,84
15005,84
15006,84
15007,84
15012,84
15013,84
15015,84
15016,84
15017,84
15018,84
15019,84
15020,84
15021,84
15023,84
15024,84
15025,84
15026,84
15027,84
15028,84
15029,84
15031,84
15033,84
15034,84
15035,84
15038,84
15039,84
15040,84
15041,84
15043,84
15045,84
15048,84
15051,84
15052,84
15054,84
15055,84
15057,84
15058,84
15059,84
15060,84
15061,84
15064,84
15066,84
15068,84
15069,84
15070,84
15071,84
15074,84
15075,84
15076,84
15077,84
15078,84
15079,84
15081,84
15082,84
15083,84
15084,84
15085,84
15086,84
15087,84
15088,84
15090,84
15091,84
15092,84
15095,84
15096,84
15098,84
15099,84
15100,84
15101,84
15102,84
15103,84
15104,84
15106,84
15107,84
15110,84
15112,84
15113,84
15115,84
15116,84
15117,84
15118,84
15119,84
15121,84
15123,84
15125,84
15126,84
15127,84
15128,84
15129,84
15130,84
15131,84
15133,84
15136,84
15137,84
15141,84
15142,84
15143,84
15144,84
15145,84
15146,84
15147,84
15149,84
15150,84
15151,84
15152,84
15153,84
15154,84
15155,84
15156,84
15157,84
15158,84
15162,84
15166,84
15167,84
15168,84
15171,84
15173,84
15177,84
15183,84
15185,84
15186,84
15190,84
15191,84
15192,84
15193,84
15194,84
15195,84
15196,84
15197,84
15199,84
15201,84
15202,84
15203,84
15204,84
15206,84
15208,84
15209,84
15210,84
15211,84
15212,84
15213,84
15214,84
15215,84
15216,84
15217,84
15218,84
15219,84
15220,84
15222,84
15224,84
15227,84
15229,84
15234,84
15235,84
15236,84
15238,84
15241,84
15242,84
15243,84
15245,84
15246,84
15248,84
15249,84
15250,84
15252,84
15253,84
15256,84
15257,84
15259,84
15260,84
15266,84
15268,84
15269,84
15270,84
15271,84
15276,84
15281,84
15282,84
15283,84
15286,84
15287,84
15288,84
15289,84
15293,84
15294,84
15296,84
15297,84
15299,84
15300,84
15303,84
15305,84
15306,84
15309,84
15311,84
15314,84
15315,84
15316,84
15318,84
15319,84
15320,84
15321,84
15323,84
15325,84
15326,84
15327,84
15328,84
15329,84
15330,84
15331,84
15332,84
15333,84
15334,84
15335,84
15337,84
15338,84
15340,84
15342,84
15345,84
15346,84
15350,84
15351,84
15353,84
15354,84
15355,84
15356,84
15358,84
15359,84
15360,84
15363,84
15366,84
15367,84
15372,84
15373,84
15374,84
15376,84
15378,84
15382,84
15385,84
15386,84
15387,84
15388,84
15389,84
15390,84
15391,84
15392,84
15393,84
15395,84
15396,84
15399,84
15401,84
15403,84
15404,84
15405,84
15406,84
15407,84
15409,84
15412,84
15413,84
15414,84
15415,84
15416,84
15417,84
15421,84
15422,84
15423,84
15424,84
15429,84
15431,84
15432,84
15433,84
15435,84
15438,84
15440,84
15441,84
15443,84
15445,84
15446,84
15447,84
15449,84
15450,84
15452,84
15454,84
15459,84
15461,84
15462,84
15463,84
15464,84
15465,84
15466,84
15467,84
15468,84
15473,84
15474,84
15475,84
15478,84
15482,84
15483,84
15484,84
15489,84
15490,84
15494,84
15497,84
15498,84
15499,84
15500,84
15501,84
15503,84
15509,84
15510,84
15512,84
15515,84
15516,84
15517,84
15518,84
15520,84
15521,84
15526,84
15527,84
15528,84
15529,84
15532,84
15533,84
15534,84
15536,84
15538,84
15540,84
15541,84
15542,84
15543,84
15544,84
15545,84
15546,84
15549,84
15551,84
15553,84
15557,84
15558,84
15562,84
15564,84
15568,84
15569,84
15571,84
15573,84
15576,84
15577,84
15579,84
15580,84
15582,84
15585,84
15588,84
15589,84
15590,84
15592,84
15595,84
15596,84
15597,84
15598,84
15601,84
15602,84
15604,84
15605,84
15614,84
15615,84
15621,84
15627,84
15628,84
15632,84
15633,84
15636,84
15638,84
15639,84
15640,84
15641,84
15643,84
15644,84
15647,84
15648,84
15649,84
15650,84
15651,84
15652,84
15653,84
15654,84
15655,84
15658,84
15660,84
15662,84
15663,84
15664,84
15665,84
15666,84
15667,84
15668,84
15669,84
15670,84
15671,84
15672,84
15677,84
15678,84
15679,84
15680,84
15681,84
15682,84
15687,84
15688,84
15691,84
15692,84
15694,84
15695,84
15698,84
15699,84
15700,84
15702,84
15705,84
15706,84
15707,84
15708,84
15711,84
15712,84
15714,84
15724,84
15726,84
15727,84
15728,84
15729,84
15731,84
15732,84
15733,84
15734,84
15735,84
15736,84
15740,84
15743,84
15746,84
15749,84
15750,84
15755,84
15755,102
15758,84
15760,84
15761,84
15762,84
15764,84
15765,84
15767,84
15768,84
15769,84
15770,84
15773,84
15774,84
15775,84
15776,84
15780,84
15781,84
15782,84
15784,84
15787,84
15789,84
15790,84
15791,84
15793,84
15795,84
15796,84
15797,84
15800,84
15801,84
15802,84
15805,84
15809,84
15810,84
15812,84
15813,84
15814,84
15816,84
15819,84
15825,84
15831,84
15832,84
15834,84
15835,84
15836,84
15839,84
15841,84
15842,84
15845,84
15851,84
15852,84
15854,84
15856,84
15858,84
15860,84
15863,84
15864,84
15869,84
15871,84
15874,84
15878,84
15879,84
15880,84
15881,84
15884,84
15886,84
15890,84
15891,84
15892,84
15894,84
15895,84
15897,84
15899,84
15901,84
15903,84
15905,84
15906,84
15909,84
15913,84
15916,84
15918,84
15920,84
15922,84
15923,84
15925,84
15926,84
15929,84
15930,84
15932,84
15934,84
15935,84
15941,84
15943,84
15944,84
15945,84
15948,84
15949,84
15952,84
15955,84
15956,84
15957,84
15958,84
15961,84
15962,84
15963,84
15965,84
15972,84
15973,84
15975,84
15976,84
15977,84
15979,84
15983,84
15986,84
15987,84
15988,84
15989,84
15991,84
15992,84
15993,84
15994,84
15996,84
15997,84
15998,84
16000,84
16001,84
16002,84
16003,84
16006,84
16007,84
16008,84
16009,84
16010,84
16011,84
16015,84
16016,84
16018,84
16019,84
16021,84
16023,84
16029,84
16035,84
16036,84
16050,84
16051,84
16054,84
16069,84
16071,84
16072,84
16074,84
16075,84
16076,84
16081,84
16082,84
16083,84
16084,84
16085,84
16086,84
16087,84
16088,84
16091,84
16093,84
16094,84
16095,84
16097,84
16098,84
16099,84
16100,84
16102,84
16104,84
16106,84
16108,84
16109,84
16111,84
16112,84
16115,84
16116,84
16118,84
16119,84
16120,84
16121,84
16122,84
16124,84
16126,84
16127,84
16128,84
16129,84
16130,84
16133,84
16135,84
16137,84
16138,84
16140,84
16141,84
16142,84
16143,84
16144,84
16146,84
16147,84
16148,84
16153,84
16157,84
16158,84
16159,84
16160,84
16161,84
16163,84
16164,84
16166,84
16167,84
16168,84
16169,84
16173,84
16175,84
16176,84
16177,84
16179,84
16180,84
16182,84
16183,84
16184,84
16187,84
16189,84
16190,84
16191,84
16192,84
16193,84
16194,84
16195,84
16197,84
16198,84
16199,84
16200,84
16203,84
16204,84
16206,84
16210,84
16213,84
16215,84
16216,84
16218,84
16219,84
16220,84
16221,84
16223,84
16224,84
16225,84
16226,84
16229,84
16230,84
16231,84
16233,84
16234,84
16235,84
16236,84
16239,84
16240,84
16242,84
16245,84
16247,84
16248,84
16249,84
16250,84
16251,84
16252,84
16253,84
16254,84
16255,84
16258,84
16259,84
16260,84
16261,84
16262,84
16263,84
16264,84
16266,84
16267,84
16271,84
16272,84
16274,84
16275,84
16276,84
16277,84
16279,84
16280,84
16283,84
16284,84
16285,84
16289,84
16290,84
16291,84
16294,84
16295,84
16296,84
16297,84
16298,84
16300,84
16301,84
16303,84
16305,84
16306,84
16307,84
16308,84
16311,84
16313,84
16316,84
16319,84
16322,84
16324,84
16327,84
16339,84
16340,84
16344,84
16346,84
16347,84
16352,84
16353,84
16354,84
16357,84
16359,84
16360,84
16361,84
16362,84
16367,84
16368,84
16371,84
16372,84
16374,84
16375,84
16376,84
16378,84
16379,84
16381,84
16383,84
16384,84
16388,84
16389,84
16391,84
16392,84
16394,84
16395,84
16398,84
16399,84
16401,84
16402,84
16404,84
16407,84
16409,84
16410,84
16413,84
16414,84
16416,84
16417,84
16418,84
16426,84
16428,84
16429,84
16431,84
16432,84
16433,84
16434,84
16437,84
16438,84
16445,84
16446,84
16448,84
16455,84
16458,84
16459,84
16460,84
16461,84
16462,84
16463,84
16464,84
16467,84
16468,84
16470,84
16471,84
16472,84
16473,84
16474,84
16475,84
16476,84
16477,84
16481,84
16482,84
16484,84
16487,84
16488,84
16489,84
16490,84
16491,84
16492,84
16493,84
16494,84
16496,84
16497,84
16498,84
16501,84
16505,84
16506,84
16507,84
16510,84
16512,84
16514,84
16515,84
16516,84
16517,84
16518,84
16521,84
16522,84
16524,84
16531,84
16532,84
16533,84
16534,84
16535,84
16536,84
16538,84
16540,84
16541,84
16542,84
16547,84
16548,84
16549,84
16550,84
16551,84
16552,84
16553,84
16554,84
16555,84
16560,84
16561,84
16564,84
16566,84
16568,84
16573,84
16574,84
16575,84
16578,84
16579,84
16582,84
16584,84
16585,84
16587,84
16588,84
16589,84
16590,84
16591,84
16594,84
16596,84
16599,84
16600,84
16603,84
16608,84
16616,84
16617,84
16619,84
16620,84
16622,84
16623,84
16624,84
16625,84
16627,84
16629,84
16632,84
16634,84
16637,84
16638,84
16644,84
16645,84
16648,84
16650,84
16652,84
16653,84
16654,84
16657,84
16658,84
16661,84
16662,84
16665,84
16667,84
16672,84
16673,84
16674,84
16682,84
16685,84
16690,84
16692,84
16694,84
16699,84
16701,84
16704,84
16710,84
16712,84
16720,84
16723,84
16724,84
16725,84
16726,84
16728,84
16729,84
16731,84
16732,84
16733,84
16734,84
16735,84
16736,84
16738,84
16739,84
16740,84
16741,84
16743,84
16745,84
16746,84
16748,84
16749,84
16751,84
16753,84
16754,84
16755,84
16756,84
16759,84
16760,84
16761,84
16762,84
16763,84
16765,84
16767,84
16768,84
16769,84
16775,84
16778,84
16779,84
16781,84
16783,84
16784,84
16785,84
16786,84
16788,84
16789,84
16790,84
16791,84
16792,84
16794,84
16795,84
16796,84
16797,84
16799,84
16800,84
16801,84
16803,84
16804,84
16805,84
16806,84
16808,84
16811,84
16813,84
16814,84
16817,84
16818,84
16819,84
16820,84
16823,84
16824,84
16825,84
16827,84
16830,84
16831,84
16832,84
16833,84
16834,84
16836,84
16839,84
16841,84
16842,84
16844,84
16845,84
16846,84
16848,84
16850,84
16851,84
16855,84
16856,84
16860,84
16862,84
16866,84
16868,84
16871,84
16873,84
16874,84
16876,84
16877,84
16881,84
16882,84
16887,84
16888,84
16893,84
16897,84
16898,84
16901,84
16903,84
16905,84
16906,84
16907,84
16909,84
16910,84
16911,84
16913,84
16914,84
16915,84
16916,84
16919,84
16921,84
16925,84
16929,84
16930,84
16932,84
16934,84
16935,84
16939,84
16943,84
16944,84
16945,84
16946,84
16947,84
16949,84
16955,84
16956,84
16957,84
16958,84
16959,84
16960,84
16961,84
16962,84
16963,84
16964,84
16965,84
16967,84
16969,84
16970,84
16971,84
16973,84
16974,84
16976,84
16977,84
16981,84
16982,84
16983,84
16984,84
16986,84
16988,84
16989,84
16990,84
16991,84
16993,84
16995,84
16998,84
17004,84
17005,84
17006,84
17008,84
17009,84
17010,84
17011,84
17013,84
17014,84
17015,84
17016,84
17020,84
17021,84
17022,84
17023,84
17024,84
17033,84
17034,84
17035,84
17037,84
17039,84
17041,84
17043,84
17044,84
17046,84
17048,84
17049,84
17050,84
17051,84
17054,84
17055,84
17056,84
17058,84
17059,84
17060,84
17061,84
17063,84
17064,84
17068,84
17069,84
17073,84
17074,84
17078,84
17079,84
17081,84
17083,84
17085,84
17087,84
17089,84
17090,84
17094,84
17095,84
17098,84
17099,84
17100,84
17103,84
17104,84
17106,84
17107,84
17108,84
17109,84
17111,84
17112,84
17113,84
17115,84
17119,84
17120,84
17122,84
17124,84
17125,84
17127,84
17128,84
17129,84
17130,84
17131,84
17132,84
17135,84
17136,84
17137,84
17140,84
17141,84
17143,84
17148,84
17149,84
17150,84
17151,84
17152,84
17154,84
17156,84
17159,84
17160,84
17161,84
17165,84
17166,84
17168,84
17171,84
17172,84
17176,84
17177,84
17178,84
17181,84
17182,84
17183,84
17187,84
17188,84
17189,84
17191,84
17193,84
17196,84
17197,84
17198,84
17199,84
17201,84
17219,84
17223,84
17225,84
17226,84
17229,84
17230,84
17231,84
17232,84
17233,84
17235,84
17238,84
17241,84
17242,84
17245,84
17247,84
17249,84
17250,84
17256,84
17257,84
17258,84
17259,84
17263,84
17264,84
17267,84
17269,84
17270,84
17271,84
17272,84
17273,84
17274,84
17275,84
17276,84
17277,84
17280,84
17281,84
17284,84
17285,84
17287,84
17288,84
17289,84
17290,84
17293,84
17294,84
17296,84
17298,84
17300,84
17306,84
17308,84
17309,84
17310,84
17312,84
17313,84
17315,84
17316,84
17320,84
17324,84
17325,84
17326,84
17328,84
17329,84
17330,84
17333,84
17336,84
17337,84
17339,84
17340,84
17341,84
17349,84
17351,84
17353,84
17356,84
17357,84
17358,84
17360,84
17361,84
17362,84
17364,84
17365,84
17369,84
17370,84
17371,84
17373,84
17374,84
17376,84
17377,84
17378,84
17379,84
17381,84
17383,84
17387,84
17389,84
17390,84
17392,84
17393,84
17395,84
17400,84
17402,84
17403,84
17404,84
17405,84
17408,84
17409,84
17411,84
17413,84
17418,84
17420,84
17421,84
17422,84
17430,84
17435,84
17437,84
17439,84
17440,84
17441,84
17442,84
17444,84
17446,84
17449,84
17451,84
17452,84
17453,84
17457,84
17458,84
17461,84
17462,84
17463,84
17464,84
17465,84
17466,84
17467,84
17468,84
17473,84
17474,84
17475,84
17476,84
17483,84
17485,84
17486,84
17487,84
17489,84
17490,84
17491,84
17492,84
17501,84
17503,84
17504,84
17508,84
17511,84
17512,84
17513,84
17515,84
17516,84
17519,84
17520,84
17521,84
17522,84
17523,84
17524,84
17526,84
17529,84
17533,84
17535,84
17536,84
17537,84
17538,84
17541,84
17543,84
17544,84
17545,84
17546,84
17548,84
17550,84
17552,84
17553,84
17554,84
17557,84
17558,84
17559,84
17560,84
17563,84
17564,84
17566,84
17569,84
17571,84
17572,84
17573,84
17574,84
17575,84
17577,84
17579,84
17582,84
17584,84
17585,84
17587,84
17590,84
17593,84
17597,84
17599,84
17602,84
17605,84
17607,84
17609,84
17610,84
17612,84
17613,84
17618,84
17622,84
17623,84
17626,84
17627,84
17628,84
17630,84
17631,84
17632,84
17640,84
17642,84
17643,84
17644,84
17645,84
17653,84
17655,84
17656,84
17657,84
17659,84
17663,84
17664,84
17665,84
17667,84
17668,84
17669,84
17670,84
17672,84
17673,84
17674,84
17676,84
17678,84
17681,84
17682,84
17686,84
17688,84
17691,84
17694,84
17695,84
17698,84
17699,84
17700,84
17706,84
17707,84
17710,84
17711,84
17712,84
17714,84
17716,84
17717,84
17718,84
17720,84
17724,84
17726,84
